Brain.weight,Habitat,Preference,Species,cond__,effect1__,effect2__,estimate__,se__,lower__,upper__
0.231,Agricultural,0.5,NA,1,0.231,Agricultural,0.7914742292297682,0.07627055375653967,0.6067172354578964,0.9090282607216534
0.231,Natural,0.5,NA,1,0.231,Natural,0.8469655331121584,0.062276420736544005,0.7029258631806222,0.9397218118177542
0.231,Urban,0.5,NA,1,0.231,Urban,0.061915714803795485,0.03422705295348265,0.016729795356738436,0.16718693965986683
0.296976430976431,Agricultural,0.5,NA,1,0.296976430976431,Agricultural,0.7831362420446085,0.07608307803268034,0.6015881972372401,0.9018884187100765
0.296976430976431,Natural,0.5,NA,1,0.296976430976431,Natural,0.8382544795843634,0.0630525622231079,0.6955798910936678,0.9337559741018969
0.296976430976431,Urban,0.5,NA,1,0.296976430976431,Urban,0.06732078320526762,0.03578274738109804,0.01927343322999961,0.17482996201479653
0.3629528619528619,Agricultural,0.5,NA,1,0.3629528619528619,Agricultural,0.7750606568752587,0.07540124407293704,0.5957721378591345,0.89379867958039
0.3629528619528619,Natural,0.5,NA,1,0.3629528619528619,Natural,0.8295395893727343,0.06336098394037147,0.6870478324255831,0.9269328473488903
0.3629528619528619,Urban,0.5,NA,1,0.3629528619528619,Urban,0.07321779952266631,0.037485204394040156,0.022062750137221133,0.18243992160401754
0.42892929292929294,Agricultural,0.5,NA,1,0.42892929292929294,Agricultural,0.7659397489237274,0.07504517717150475,0.5872273759894436,0.8853690497149441
0.42892929292929294,Natural,0.5,NA,1,0.42892929292929294,Natural,0.8203775279361574,0.06383636232860149,0.6783719173127697,0.9195672386326714
0.42892929292929294,Urban,0.5,NA,1,0.42892929292929294,Urban,0.07956205554573599,0.03932190600161029,0.025478616567804886,0.18965880206584193
0.49490572390572385,Agricultural,0.5,NA,1,0.49490572390572385,Agricultural,0.7571393283382438,0.07408246253404942,0.5817132943460327,0.876561157715482
0.49490572390572385,Natural,0.5,NA,1,0.49490572390572385,Natural,0.810711361543383,0.06418082586003723,0.6696978464063309,0.9117659833344299
0.49490572390572385,Urban,0.5,NA,1,0.49490572390572385,Urban,0.08659668073715428,0.0411577163347797,0.029355513808511677,0.198854955624426
0.5608821548821549,Agricultural,0.5,NA,1,0.5608821548821549,Agricultural,0.7470368342068195,0.07378303531521364,0.576221980877253,0.8673717057834419
0.5608821548821549,Natural,0.5,NA,1,0.5608821548821549,Natural,0.8001690074811529,0.06468987089502803,0.6605589982689463,0.9030609128491077
0.5608821548821549,Urban,0.5,NA,1,0.5608821548821549,Urban,0.09411067749987914,0.04276405915387874,0.03343312855988572,0.20772090146825586
0.6268585858585858,Agricultural,0.5,NA,1,0.6268585858585858,Agricultural,0.7373395104735616,0.07342519152891407,0.5695483206941673,0.8575864702853954
0.6268585858585858,Natural,0.5,NA,1,0.6268585858585858,Natural,0.7897370614943795,0.06421537823659051,0.6503116386163594,0.8943912326016181
0.6268585858585858,Urban,0.5,NA,1,0.6268585858585858,Urban,0.10212576441173846,0.04412181861225339,0.03800441955527137,0.21582932598125348
0.6928350168350168,Agricultural,0.5,NA,1,0.6928350168350168,Agricultural,0.7272713677337802,0.07273064523207418,0.5618592211378033,0.8477919509913566
0.6928350168350168,Natural,0.5,NA,1,0.6928350168350168,Natural,0.7785094593678683,0.06436891835867647,0.6402812939850062,0.8848628292731248
0.6928350168350168,Urban,0.5,NA,1,0.6928350168350168,Urban,0.11095733200608406,0.0457140359010026,0.042926856962553675,0.22592732216290426
0.7588114478114477,Agricultural,0.5,NA,1,0.7588114478114477,Agricultural,0.716649152776393,0.0718752902443822,0.5554149490043436,0.8367520764299441
0.7588114478114477,Natural,0.5,NA,1,0.7588114478114477,Natural,0.7670244698890951,0.0641707214152341,0.6294112509650762,0.8752843679313866
0.7588114478114477,Urban,0.5,NA,1,0.7588114478114477,Urban,0.12047878633231264,0.04722260699335685,0.04884106767600496,0.23635662107980357
0.8247878787878787,Agricultural,0.5,NA,1,0.8247878787878787,Agricultural,0.706483426584215,0.07082085785424444,0.54748860158516,0.8266093189726437
0.8247878787878787,Natural,0.5,NA,1,0.8247878787878787,Natural,0.755415780360869,0.0643132970022732,0.6196179766151261,0.8642322001660369
0.8247878787878787,Urban,0.5,NA,1,0.8247878787878787,Urban,0.1302430448435544,0.048262146187975925,0.05537061325582538,0.24786390550783322
0.8907643097643096,Agricultural,0.5,NA,1,0.8907643097643096,Agricultural,0.6958361686985053,0.0711274663357274,0.540514429675014,0.8161664973856005
0.8907643097643096,Natural,0.5,NA,1,0.8907643097643096,Natural,0.7427932980055963,0.0637842772185964,0.6076577740099947,0.8527313408794372
0.8907643097643096,Urban,0.5,NA,1,0.8907643097643096,Urban,0.14122534912871249,0.049287080498212225,0.06253905200110998,0.25954766450137745
0.9567407407407406,Agricultural,0.5,NA,1,0.9567407407407406,Agricultural,0.6850115759157605,0.0709223690219894,0.5306006267034836,0.8055259386280629
0.9567407407407406,Natural,0.5,NA,1,0.9567407407407406,Natural,0.7303837144114101,0.06374888476721703,0.5934588034670111,0.8414810214824895
0.9567407407407406,Urban,0.5,NA,1,0.9567407407407406,Urban,0.15242807283856055,0.051025008710001284,0.07002800882923135,0.27178166029498757
1.0227171717171717,Agricultural,0.5,NA,1,1.0227171717171717,Agricultural,0.6736581990576427,0.0712373649732856,0.5219221558516208,0.7943607595019221
1.0227171717171717,Natural,0.5,NA,1,1.0227171717171717,Natural,0.7173363290671289,0.06366778556540452,0.5818430887308355,0.8298109860059208
1.0227171717171717,Urban,0.5,NA,1,1.0227171717171717,Urban,0.16435257119553787,0.052414461501551594,0.07836797828450978,0.28728258984525423
1.0886936026936027,Agricultural,0.5,NA,1,1.0886936026936027,Agricultural,0.6626900828085704,0.07128214091745869,0.5098958682059059,0.7833781107705706
1.0886936026936027,Natural,0.5,NA,1,1.0886936026936027,Natural,0.7042913193040721,0.06426490873298399,0.569424822792491,0.8178053244145828
1.0886936026936027,Urban,0.5,NA,1,1.0886936026936027,Urban,0.17744729363006195,0.05426335580926936,0.08740233207547783,0.3002391501886875
1.1546700336700335,Agricultural,0.5,NA,1,1.1546700336700335,Agricultural,0.6510594759569536,0.07184779468619953,0.49894087073535853,0.7733304311546343
1.1546700336700335,Natural,0.5,NA,1,1.1546700336700335,Natural,0.689752523295083,0.06534570599951003,0.557281702719763,0.8060152969812121
1.1546700336700335,Urban,0.5,NA,1,1.1546700336700335,Urban,0.1910625164576967,0.0553013159617615,0.09775475043549457,0.3167932280754327
1.2206464646464645,Agricultural,0.5,NA,1,1.2206464646464645,Agricultural,0.6394658539330509,0.07097619584768916,0.48677041760901585,0.7627997457684454
1.2206464646464645,Natural,0.5,NA,1,1.2206464646464645,Natural,0.6757020760327157,0.06534002498648264,0.5456398022140266,0.7950917823656476
1.2206464646464645,Urban,0.5,NA,1,1.2206464646464645,Urban,0.20526339668845855,0.056469975265379904,0.10843256258179615,0.3310012067458732
1.2866228956228956,Agricultural,0.5,NA,1,1.2866228956228956,Agricultural,0.6267226925780646,0.07207577306560493,0.47348318827121605,0.7527270266138684
1.2866228956228956,Natural,0.5,NA,1,1.2866228956228956,Natural,0.6620480713718795,0.06517263064668999,0.529358917633722,0.7814714932921832
1.2866228956228956,Urban,0.5,NA,1,1.2866228956228956,Urban,0.22036937079231972,0.05837926085756943,0.11995563580808713,0.3486526482070776
1.3525993265993266,Agricultural,0.5,NA,1,1.3525993265993266,Agricultural,0.6146283521233187,0.07329084668153027,0.459704501697404,0.7423004020659341
1.3525993265993266,Natural,0.5,NA,1,1.3525993265993266,Natural,0.6473703606056078,0.06534618330666206,0.515783032878212,0.7692984806163128
1.3525993265993266,Urban,0.5,NA,1,1.3525993265993266,Urban,0.2362242458682155,0.060214306049885175,0.13214127733125927,0.36675932008091994
1.4185757575757576,Agricultural,0.5,NA,1,1.4185757575757576,Agricultural,0.6015214182261353,0.07440398373618527,0.4459912255918986,0.7323882875781488
1.4185757575757576,Natural,0.5,NA,1,1.4185757575757576,Natural,0.631724797535777,0.06589654229063041,0.49962711304858426,0.7575290319237289
1.4185757575757576,Urban,0.5,NA,1,1.4185757575757576,Urban,0.25372343490965865,0.06208696956656195,0.1433389663029109,0.38769464522334396
1.4845521885521884,Agricultural,0.5,NA,1,1.4845521885521884,Agricultural,0.5887765583756795,0.07629674807558544,0.429054076141362,0.7231320388511957
1.4845521885521884,Natural,0.5,NA,1,1.4845521885521884,Natural,0.6169540362821462,0.06689521062883193,0.4806291198074203,0.7421416242158789
1.4845521885521884,Urban,0.5,NA,1,1.4845521885521884,Urban,0.27115232131433864,0.0644980152603412,0.15628840223227985,0.4090883299605761
1.5505286195286194,Agricultural,0.5,NA,1,1.5505286195286194,Agricultural,0.5764723334934888,0.07732617108417492,0.41309618894775196,0.7135345634134058
1.5505286195286194,Natural,0.5,NA,1,1.5505286195286194,Natural,0.6013635447791287,0.06811838194392188,0.46167546813001853,0.7293115494141024
1.5505286195286194,Urban,0.5,NA,1,1.5505286195286194,Urban,0.28982686191159823,0.06564172764610182,0.16904284684673632,0.42838384577476457
1.6165050505050504,Agricultural,0.5,NA,1,1.6165050505050504,Agricultural,0.563479217454987,0.07905613842456334,0.3966992718333404,0.7059376350235499
1.6165050505050504,Natural,0.5,NA,1,1.6165050505050504,Natural,0.5851960593991996,0.06970599297723405,0.4431879296384759,0.7165959610925808
1.6165050505050504,Urban,0.5,NA,1,1.6165050505050504,Urban,0.3087211188165203,0.06783549943899213,0.18173953654299713,0.451928992516392
1.6824814814814812,Agricultural,0.5,NA,1,1.6824814814814812,Agricultural,0.5501243416545594,0.08124724533030947,0.38145282976510253,0.6969586621548547
1.6824814814814812,Natural,0.5,NA,1,1.6824814814814812,Natural,0.5698100054729849,0.07146220730947093,0.42365044766119153,0.7054450823661303
1.6824814814814812,Urban,0.5,NA,1,1.6824814814814812,Urban,0.3292259501813194,0.0706113512372416,0.196065360930628,0.47468560104855606
1.7484579124579123,Agricultural,0.5,NA,1,1.7484579124579123,Agricultural,0.5372583105863304,0.08350906336806543,0.36584640759308434,0.6878637186961946
1.7484579124579123,Natural,0.5,NA,1,1.7484579124579123,Natural,0.5534626237006985,0.07259483971719342,0.40387490644592217,0.6929082015621614
1.7484579124579123,Urban,0.5,NA,1,1.7484579124579123,Urban,0.34903778502429716,0.07287891795672295,0.21118454077189663,0.49850567610718227
1.8144343434343433,Agricultural,0.5,NA,1,1.8144343434343433,Agricultural,0.5248679564685146,0.08592261849479389,0.34929238321200684,0.6817554976172006
1.8144343434343433,Natural,0.5,NA,1,1.8144343434343433,Natural,0.5379284640733205,0.07517896529548054,0.3832950367483239,0.681964010309566
1.8144343434343433,Urban,0.5,NA,1,1.8144343434343433,Urban,0.37006451024208653,0.07600162445903832,0.22617207183266824,0.5268060424759908
1.8804107744107743,Agricultural,0.5,NA,1,1.8804107744107743,Agricultural,0.5114824996853027,0.08824089446920358,0.33318338920480806,0.6740146544185253
1.8804107744107743,Natural,0.5,NA,1,1.8804107744107743,Natural,0.5221360796553633,0.07782187822011669,0.36342798990105746,0.6698394348889435
1.8804107744107743,Urban,0.5,NA,1,1.8804107744107743,Urban,0.39154056553806665,0.0798079563908322,0.2410033983062153,0.5552865237354174
1.9463872053872053,Agricultural,0.5,NA,1,1.9463872053872053,Agricultural,0.4990030870863169,0.09078236770861504,0.31539671241863515,0.6663428192351832
1.9463872053872053,Natural,0.5,NA,1,1.9463872053872053,Natural,0.5062270845050699,0.08053384072039425,0.3433874584759957,0.6587677379508438
1.9463872053872053,Urban,0.5,NA,1,1.9463872053872053,Urban,0.4136688764090551,0.08406325127208282,0.25649858459655384,0.5816181381456571
2.012363636363636,Agricultural,0.5,NA,1,2.012363636363636,Agricultural,0.4866233754660364,0.09401823064334972,0.2984665257915317,0.6588232768164827
2.012363636363636,Natural,0.5,NA,1,2.012363636363636,Natural,0.4907226182551606,0.08337400054406016,0.3219333010422698,0.647105128362823
2.012363636363636,Urban,0.5,NA,1,2.012363636363636,Urban,0.4359141695418898,0.08804327107536145,0.27061883917600343,0.6077153466281492
2.078340067340067,Agricultural,0.5,NA,1,2.078340067340067,Agricultural,0.47418144141910945,0.09621010739772451,0.28207344368500975,0.6513324518298705
2.078340067340067,Natural,0.5,NA,1,2.078340067340067,Natural,0.4746831578638092,0.08641543668882033,0.30273827300127215,0.6368690706499064
2.078340067340067,Urban,0.5,NA,1,2.078340067340067,Urban,0.4577503310142397,0.09233830130325293,0.2858457401090003,0.6358435315418068
2.144316498316498,Agricultural,0.5,NA,1,2.144316498316498,Agricultural,0.46124656116040286,0.09824767616965746,0.2657739753018326,0.6454814139934634
2.144316498316498,Natural,0.5,NA,1,2.144316498316498,Natural,0.4589728142028688,0.08897991246244899,0.2831574637491656,0.6256215532745909
2.144316498316498,Urban,0.5,NA,1,2.144316498316498,Urban,0.480835249970572,0.09656290321961417,0.30157559059207567,0.6628171542850059
2.2102929292929288,Agricultural,0.5,NA,1,2.2102929292929288,Agricultural,0.44835652814229654,0.10146705017721702,0.25217490179110524,0.639129561099574
2.2102929292929288,Natural,0.5,NA,1,2.2102929292929288,Natural,0.44298981431160667,0.09085773111056177,0.2654892854858975,0.6156394060247368
2.2102929292929288,Urban,0.5,NA,1,2.2102929292929288,Urban,0.5023959049944582,0.1007077177593495,0.3163045912578793,0.6890972391163728
2.2762693602693598,Agricultural,0.5,NA,1,2.2762693602693598,Agricultural,0.43579968291958815,0.10401450977182268,0.23705829062629813,0.6332944952155104
2.2762693602693598,Natural,0.5,NA,1,2.2762693602693598,Natural,0.42768466393727744,0.09286119838070148,0.24670256564107337,0.605538791966951
2.2762693602693598,Urban,0.5,NA,1,2.2762693602693598,Urban,0.5247509007914818,0.104706558035387,0.329802139589221,0.7156887580828947
2.342245791245791,Agricultural,0.5,NA,1,2.342245791245791,Agricultural,0.4232043091364558,0.10766940559323913,0.22203781958434643,0.6278096557269134
2.342245791245791,Natural,0.5,NA,1,2.342245791245791,Natural,0.41102975099308153,0.09518941481181503,0.22786344563867592,0.5947068118038608
2.342245791245791,Urban,0.5,NA,1,2.342245791245791,Urban,0.5474998572313097,0.1074239825652205,0.34573589168489655,0.7383865443187563
2.408222222222222,Agricultural,0.5,NA,1,2.408222222222222,Agricultural,0.4107365044748681,0.10984737157395384,0.20681954601073368,0.6232809509331547
2.408222222222222,Natural,0.5,NA,1,2.408222222222222,Natural,0.39546536359860746,0.09764824667074364,0.20965571377005063,0.583208669532747
2.408222222222222,Urban,0.5,NA,1,2.408222222222222,Urban,0.5707568522057422,0.11043998989529216,0.36042221176721484,0.7622695160815686
2.474198653198653,Agricultural,0.5,NA,1,2.474198653198653,Agricultural,0.3987791841714022,0.11325571439250974,0.19353479175977076,0.6178326002480578
2.474198653198653,Natural,0.5,NA,1,2.474198653198653,Natural,0.3804457852690599,0.10003643389406358,0.1937628894941974,0.572276268288336
2.474198653198653,Urban,0.5,NA,1,2.474198653198653,Urban,0.5930423271098049,0.1128866236189644,0.3710895875742153,0.7838444522323929
2.540175084175084,Agricultural,0.5,NA,1,2.540175084175084,Agricultural,0.3862395022147221,0.11562102244541958,0.18168765335262468,0.6122730737313096
2.540175084175084,Natural,0.5,NA,1,2.540175084175084,Natural,0.3649081805161656,0.10181829392704987,0.17755359583363758,0.561678709513222
2.540175084175084,Urban,0.5,NA,1,2.540175084175084,Urban,0.6149640390782722,0.114699395810894,0.3874684936130432,0.8062027850701052
2.606151515151515,Agricultural,0.5,NA,1,2.606151515151515,Agricultural,0.373976748607194,0.1183440917363807,0.169592095768309,0.6050467698820765
2.606151515151515,Natural,0.5,NA,1,2.606151515151515,Natural,0.35036904210558717,0.10358479135523178,0.1625425989517092,0.5512562671489057
2.606151515151515,Urban,0.5,NA,1,2.606151515151515,Urban,0.6356069951529701,0.11539060489390064,0.4017984718468087,0.8272604922013563
2.6721279461279455,Agricultural,0.5,NA,1,2.6721279461279455,Agricultural,0.36251212520445947,0.12087163575564219,0.1571763824809086,0.5981906028036011
2.6721279461279455,Natural,0.5,NA,1,2.6721279461279455,Natural,0.33531211321508275,0.10524992292466077,0.14924606589470016,0.5402335073823914
2.6721279461279455,Urban,0.5,NA,1,2.6721279461279455,Urban,0.6553453350153627,0.11702878526008151,0.41692751375339754,0.8446690170410922
2.7381043771043765,Agricultural,0.5,NA,1,2.7381043771043765,Agricultural,0.3511851914906514,0.12326432620212897,0.14589575295721915,0.5936001508436535
2.7381043771043765,Natural,0.5,NA,1,2.7381043771043765,Natural,0.32094285765322683,0.10639753960934577,0.1372948190689862,0.5323529633030468
2.7381043771043765,Urban,0.5,NA,1,2.7381043771043765,Urban,0.6751809126597351,0.11749791488099556,0.43126740564705796,0.8620298441054005
2.8040808080808075,Agricultural,0.5,NA,1,2.8040808080808075,Agricultural,0.3389837236991973,0.12506753684402075,0.13526937272042133,0.5894318699643997
2.8040808080808075,Natural,0.5,NA,1,2.8040808080808075,Natural,0.30704559531214665,0.10730399023888947,0.12479827907839292,0.5223017064244806
2.8040808080808075,Urban,0.5,NA,1,2.8040808080808075,Urban,0.6946132717814357,0.11769609334735046,0.4440484332127772,0.8769753594770227
2.8700572390572385,Agricultural,0.5,NA,1,2.8700572390572385,Agricultural,0.3268345376878539,0.12608809202940968,0.12459930990932168,0.5836906327494932
2.8700572390572385,Natural,0.5,NA,1,2.8700572390572385,Natural,0.29356266456877145,0.10860566583830975,0.11296374203034656,0.5142556469576973
2.8700572390572385,Urban,0.5,NA,1,2.8700572390572385,Urban,0.7128185716099664,0.11794963436184767,0.4584932566309686,0.8909828796082331
2.9360336700336696,Agricultural,0.5,NA,1,2.9360336700336696,Agricultural,0.315666385792809,0.12768510831618465,0.1147037110025578,0.5795050812569094
2.9360336700336696,Natural,0.5,NA,1,2.9360336700336696,Natural,0.2799471011848078,0.10904641837202846,0.10329037211965157,0.5047912464191235
2.9360336700336696,Urban,0.5,NA,1,2.9360336700336696,Urban,0.7316584450555478,0.11689388059918589,0.47238845280011293,0.9032536766442197
3.0020101010101006,Agricultural,0.5,NA,1,3.0020101010101006,Agricultural,0.3053318257686164,0.12931112937436623,0.10501597023975957,0.5714023907204511
3.0020101010101006,Natural,0.5,NA,1,3.0020101010101006,Natural,0.2668137301594796,0.1094507864527063,0.09428165553045437,0.49672361668325904
3.0020101010101006,Urban,0.5,NA,1,3.0020101010101006,Urban,0.7494290499719625,0.11548717638602675,0.4861850131459122,0.9149961469178921
3.0679865319865316,Agricultural,0.5,NA,1,3.0679865319865316,Agricultural,0.2943368742800796,0.13036315997547956,0.09613069212180227,0.565307756444151
3.0679865319865316,Natural,0.5,NA,1,3.0679865319865316,Natural,0.2543610387476376,0.10936600707447934,0.08548751672416577,0.4882695737008915
3.0679865319865316,Urban,0.5,NA,1,3.0679865319865316,Urban,0.7666317435839143,0.1136417822373647,0.49998651392397137,0.925261889254523
3.133962962962962,Agricultural,0.5,NA,1,3.133962962962962,Agricultural,0.2841606405997462,0.13099381567407753,0.08897365273589372,0.5611310258355271
3.133962962962962,Natural,0.5,NA,1,3.133962962962962,Natural,0.24179303715958983,0.10890773343710101,0.07719923585913925,0.4793906423179975
3.133962962962962,Urban,0.5,NA,1,3.133962962962962,Urban,0.7822954811165835,0.11121746417974067,0.5124537767891263,0.9339283542950455
3.199939393939393,Agricultural,0.5,NA,1,3.199939393939393,Agricultural,0.27371881531082154,0.13193123366848614,0.08169019785909962,0.5538032498289103
3.199939393939393,Natural,0.5,NA,1,3.199939393939393,Natural,0.2300309899374327,0.1081144733809275,0.06995280570703691,0.47089691835492725
3.199939393939393,Urban,0.5,NA,1,3.199939393939393,Urban,0.7973454250258141,0.10841052831943611,0.5250551424368876,0.9424533739770646
3.265915824915824,Agricultural,0.5,NA,1,3.265915824915824,Agricultural,0.2638306731573512,0.13186054146342968,0.07478452959055724,0.5524337315065547
3.265915824915824,Natural,0.5,NA,1,3.265915824915824,Natural,0.21876748006132132,0.10732302438114559,0.06319312244009528,0.46110068456959413
3.265915824915824,Urban,0.5,NA,1,3.265915824915824,Urban,0.8117593018588083,0.10534400037579,0.5375038052121451,0.9496726341590023
3.3318922558922552,Agricultural,0.5,NA,1,3.3318922558922552,Agricultural,0.25439315111212335,0.13241851038228994,0.06838091904041489,0.5444236030927704
3.3318922558922552,Natural,0.5,NA,1,3.3318922558922552,Natural,0.2079119464805153,0.10611382773378732,0.05684995051852434,0.45201699055428785
3.3318922558922552,Urban,0.5,NA,1,3.3318922558922552,Urban,0.8246304953273795,0.10182559779039674,0.5511836053865783,0.9559720575064075
3.3978686868686863,Agricultural,0.5,NA,1,3.3978686868686863,Agricultural,0.24414721112198573,0.13216978821838124,0.06242302831678626,0.5414629559975376
3.3978686868686863,Natural,0.5,NA,1,3.3978686868686863,Natural,0.19728264497861694,0.10476469809338908,0.05143398012528922,0.44313505474543324
3.3978686868686863,Urban,0.5,NA,1,3.3978686868686863,Urban,0.8373778160782398,0.09834013668410672,0.564199425730476,0.9616680926835951
3.4638451178451173,Agricultural,0.5,NA,1,3.4638451178451173,Agricultural,0.2348332910933278,0.1316345848408411,0.05674990112420028,0.5374295920624537
3.4638451178451173,Natural,0.5,NA,1,3.4638451178451173,Natural,0.18724997215047579,0.10313684503878064,0.046981376499352495,0.433531754732092
3.4638451178451173,Urban,0.5,NA,1,3.4638451178451173,Urban,0.849043954669944,0.09526925206769937,0.5771340445158216,0.9664839769500873
3.5298215488215483,Agricultural,0.5,NA,1,3.5298215488215483,Agricultural,0.22487648142952693,0.13030521547622037,0.05194421520490666,0.5318700067939425
3.5298215488215483,Natural,0.5,NA,1,3.5298215488215483,Natural,0.17763434309492027,0.10166548357369358,0.04258516887740842,0.42746762187332804
3.5298215488215483,Urban,0.5,NA,1,3.5298215488215483,Urban,0.8606301450443514,0.09145355620930364,0.5899522511383442,0.970922725652992
3.5957979797979793,Agricultural,0.5,NA,1,3.5957979797979793,Agricultural,0.2161413998112115,0.12883553059540429,0.047276655640934515,0.526480810747322
3.5957979797979793,Natural,0.5,NA,1,3.5957979797979793,Natural,0.16860664613910803,0.10000729193317598,0.03833894141149829,0.4188704300789463
3.5957979797979793,Urban,0.5,NA,1,3.5957979797979793,Urban,0.8713973844716818,0.08750819390313679,0.6025362846230908,0.9746014081669665
3.6617744107744103,Agricultural,0.5,NA,1,3.6617744107744103,Agricultural,0.20750165134610066,0.1280581670952134,0.042832460919835634,0.5211818240972319
3.6617744107744103,Natural,0.5,NA,1,3.6617744107744103,Natural,0.15983182912752186,0.09803569309693377,0.034568840112579526,0.4101063855169118
3.6617744107744103,Urban,0.5,NA,1,3.6617744107744103,Urban,0.8814659670073948,0.0837278145011795,0.6152229086511114,0.9778118233963
3.727750841750841,Agricultural,0.5,NA,1,3.727750841750841,Agricultural,0.19925649615719956,0.12703828344477894,0.03930203597077469,0.5178213712868599
3.727750841750841,Natural,0.5,NA,1,3.727750841750841,Natural,0.15126073638983528,0.09618407982136594,0.031189858448625082,0.40422272219764704
3.727750841750841,Urban,0.5,NA,1,3.727750841750841,Urban,0.8907458323623486,0.08028706980131796,0.6276379171387922,0.9807203342505093
3.793727272727272,Agricultural,0.5,NA,1,3.793727272727272,Agricultural,0.19098977540121198,0.12588886593076515,0.03596425262386483,0.5138120900765073
3.793727272727272,Natural,0.5,NA,1,3.793727272727272,Natural,0.14330178153431264,0.09357197386344755,0.02811560643308036,0.3964448826655478
3.793727272727272,Urban,0.5,NA,1,3.793727272727272,Urban,0.899241395562945,0.07638677419998509,0.6398071897595918,0.9832641807711786
3.859703703703703,Agricultural,0.5,NA,1,3.859703703703703,Agricultural,0.18308283822770177,0.12407024399950155,0.03272754796347562,0.5075957915843952
3.859703703703703,Natural,0.5,NA,1,3.859703703703703,Natural,0.13550803270572187,0.09123200110419595,0.025320918347186423,0.3881846598199104
3.859703703703703,Urban,0.5,NA,1,3.859703703703703,Urban,0.9073663917177452,0.07207938493942534,0.6515234310019447,0.9855229997208268
3.925680134680134,Agricultural,0.5,NA,1,3.925680134680134,Agricultural,0.17590438749486959,0.12303776269217787,0.029853753159441554,0.5030688616414393
3.925680134680134,Natural,0.5,NA,1,3.925680134680134,Natural,0.12774893963559086,0.08817193385767208,0.02274416024660389,0.38045111074415416
3.925680134680134,Urban,0.5,NA,1,3.925680134680134,Urban,0.9145214321158942,0.06840267782319635,0.6628698628279325,0.9873597702545343
3.991656565656565,Agricultural,0.5,NA,1,3.991656565656565,Agricultural,0.16886601068342866,0.12128255473537432,0.02726019295361248,0.500223290221336
3.991656565656565,Natural,0.5,NA,1,3.991656565656565,Natural,0.12075005314786544,0.08568442606522939,0.02050693683221161,0.37413004858435617
3.991656565656565,Urban,0.5,NA,1,3.991656565656565,Urban,0.9213549602723916,0.06445861490772305,0.674510135570389,0.9889893849852835
4.0576329966329965,Agricultural,0.5,NA,1,4.0576329966329965,Agricultural,0.16192246130089186,0.11912734949781677,0.024844187604796508,0.4952864630029384
4.0576329966329965,Natural,0.5,NA,1,4.0576329966329965,Natural,0.11381947373939695,0.08251468123472343,0.018513617054767215,0.3677295421094546
4.0576329966329965,Urban,0.5,NA,1,4.0576329966329965,Urban,0.9278761451502223,0.06056870061195595,0.6851473653029679,0.9904504797870556
4.123609427609427,Agricultural,0.5,NA,1,4.123609427609427,Agricultural,0.15521897686103134,0.11694661455125249,0.022591208570410234,0.4919588770615406
4.123609427609427,Natural,0.5,NA,1,4.123609427609427,Natural,0.10720597992722955,0.07984924676286229,0.016668246689601228,0.36214195994942266
4.123609427609427,Urban,0.5,NA,1,4.123609427609427,Urban,0.9335882646599805,0.05704134048559826,0.6955053339222914,0.9917347024016417
4.189585858585858,Agricultural,0.5,NA,1,4.189585858585858,Agricultural,0.1486223968095382,0.11466831997109332,0.020646412699235003,0.4894226965632668
4.189585858585858,Natural,0.5,NA,1,4.189585858585858,Natural,0.10100867297510681,0.07738912538924168,0.01500400468184074,0.3549680414445395
4.189585858585858,Urban,0.5,NA,1,4.189585858585858,Urban,0.9390488675565729,0.05370267465065553,0.7063722035208061,0.9928288220886207
4.255562289562289,Agricultural,0.5,NA,1,4.255562289562289,Agricultural,0.141999191376211,0.11278145626429849,0.018807651289745826,0.486818163703507
4.255562289562289,Natural,0.5,NA,1,4.255562289562289,Natural,0.09530702086912389,0.07469673984480087,0.013427435942994571,0.34799750456972267
4.255562289562289,Urban,0.5,NA,1,4.255562289562289,Urban,0.9440823636585502,0.0502995159667103,0.7169036499787189,0.9937884034865617
4.32153872053872,Agricultural,0.5,NA,1,4.32153872053872,Agricultural,0.13632232509118652,0.11097842174023621,0.017160555096475065,0.4834304869153936
4.32153872053872,Natural,0.5,NA,1,4.32153872053872,Natural,0.08998415764412905,0.0722949476796578,0.012029381471177335,0.34092464373380627
4.32153872053872,Urban,0.5,NA,1,4.32153872053872,Urban,0.9487248045416732,0.047032969040553964,0.7268924881575509,0.9946271031727948
4.387515151515151,Agricultural,0.5,NA,1,4.387515151515151,Agricultural,0.13046230051598912,0.10882731081459837,0.015589543289871546,0.47882860705042263
4.387515151515151,Natural,0.5,NA,1,4.387515151515151,Natural,0.084784767149265,0.0697043384140811,0.010893970568105357,0.3344287135116086
4.387515151515151,Urban,0.5,NA,1,4.387515151515151,Urban,0.9530134182544936,0.04394048746415436,0.7373727043462884,0.9953262002567547
4.453491582491582,Agricultural,0.5,NA,1,4.453491582491582,Agricultural,0.12467601162508164,0.10639024692454682,0.014205060810693114,0.47430784092538636
4.453491582491582,Natural,0.5,NA,1,4.453491582491582,Natural,0.07996692916775877,0.0669430222468127,0.00973565917355728,0.3286455481593677
4.453491582491582,Urban,0.5,NA,1,4.453491582491582,Urban,0.9569337832174999,0.041078162827321886,0.7473413858740202,0.9959494133433031
4.519468013468012,Agricultural,0.5,NA,1,4.519468013468012,Agricultural,0.11894533799438226,0.10353369123989775,0.012931786304098086,0.46913229435758513
4.519468013468012,Natural,0.5,NA,1,4.519468013468012,Natural,0.07521787341861419,0.06420151641817974,0.008792725819696466,0.32245598805875997
4.519468013468012,Urban,0.5,NA,1,4.519468013468012,Urban,0.9604543568518449,0.03842992698340168,0.7570924213022429,0.9964803002912616
4.585444444444444,Agricultural,0.5,NA,1,4.585444444444444,Agricultural,0.11338185533591681,0.10056046187092513,0.011771281922954758,0.4662299874591568
4.585444444444444,Natural,0.5,NA,1,4.585444444444444,Natural,0.07076950929041521,0.061442483023303754,0.007924806764501422,0.3165927809232872
4.585444444444444,Urban,0.5,NA,1,4.585444444444444,Urban,0.9637880704133319,0.035904850754238056,0.7666646681217032,0.9969483366380444
4.651420875420874,Agricultural,0.5,NA,1,4.651420875420874,Agricultural,0.10821119458806436,0.09765098229763254,0.010714070609663041,0.4630335930944201
4.651420875420874,Natural,0.5,NA,1,4.651420875420874,Natural,0.06670729688840102,0.058990064664749084,0.007096243120277564,0.3105073648983097
4.651420875420874,Urban,0.5,NA,1,4.651420875420874,Urban,0.966831732383098,0.03342156303879854,0.7758848188203485,0.997344853671249
4.717397306397306,Agricultural,0.5,NA,1,4.717397306397306,Agricultural,0.10346401938338501,0.09508310712223676,0.009751074632254652,0.45968271636209274
4.717397306397306,Natural,0.5,NA,1,4.717397306397306,Natural,0.06278495467672668,0.05637039748002079,0.0063647767221526545,0.3029793751171872
4.717397306397306,Urban,0.5,NA,1,4.717397306397306,Urban,0.969625814556798,0.03109852514424542,0.7838475594712202,0.997686617584895
4.783373737373736,Agricultural,0.5,NA,1,4.783373737373736,Agricultural,0.09876321589340264,0.09246224285298359,0.008830080290671635,0.4553720392001879
4.783373737373736,Natural,0.5,NA,1,4.783373737373736,Natural,0.05906803214294448,0.05432235116225543,0.005690323428524692,0.29575949656889955
4.783373737373736,Urban,0.5,NA,1,4.783373737373736,Urban,0.9721829269000634,0.02897923939984612,0.7911947823945974,0.99798128999685
4.849350168350168,Agricultural,0.5,NA,1,4.849350168350168,Agricultural,0.0942900566657939,0.09008240956368146,0.007989764238854035,0.4513559994161332
4.849350168350168,Natural,0.5,NA,1,4.849350168350168,Natural,0.05556372154604078,0.052071297190742515,0.0050947201034549396,0.29006836824065335
4.849350168350168,Urban,0.5,NA,1,4.849350168350168,Urban,0.9745024919835095,0.026909481276183186,0.7976807386673508,0.9982587596699112
4.915326599326598,Agricultural,0.5,NA,1,4.915326599326598,Agricultural,0.09007023480184351,0.08749382225714872,0.007267282925470366,0.44668664773911293
4.915326599326598,Natural,0.5,NA,1,4.915326599326598,Natural,0.0522977998740535,0.049764723551534544,0.004561351830870513,0.2825924813403525
4.915326599326598,Urban,0.5,NA,1,4.915326599326598,Urban,0.9765816873583761,0.02501831152617711,0.8049676231090023,0.9984797144557263
4.98130303030303,Agricultural,0.5,NA,1,4.98130303030303,Agricultural,0.08591985326380985,0.08477475505393944,0.006638987846975288,0.4419527310886002
4.98130303030303,Natural,0.5,NA,1,4.98130303030303,Natural,0.04921594450394321,0.04760313211056486,0.0040842475829565,0.2784281564884415
4.98130303030303,Urban,0.5,NA,1,4.98130303030303,Urban,0.9785025805329148,0.02323287423633693,0.8114488656395846,0.9986823966668795
5.0472794612794605,Agricultural,0.5,NA,1,5.0472794612794605,Agricultural,0.08205985381903705,0.08204880780379267,0.006054717940304808,0.43732465969759476
5.0472794612794605,Natural,0.5,NA,1,5.0472794612794605,Natural,0.04626156657159949,0.04537834507861525,0.003660032324307853,0.2725965823308104
5.0472794612794605,Urban,0.5,NA,1,5.0472794612794605,Urban,0.9803451745301532,0.021529283657587123,0.8182123605902291,0.9988498078133136
5.113255892255891,Agricultural,0.5,NA,1,5.113255892255891,Agricultural,0.07835388200179937,0.07944383834985763,0.0055195587417154746,0.43268697165730147
5.113255892255891,Natural,0.5,NA,1,5.113255892255891,Natural,0.04347147966147333,0.04339421812265674,0.0032730009912054587,0.2664331745993609
5.113255892255891,Urban,0.5,NA,1,5.113255892255891,Urban,0.982014573264918,0.01993477827233684,0.8250964539015349,0.9989982073030341
5.1792323232323225,Agricultural,0.5,NA,1,5.1792323232323225,Agricultural,0.07477051670564121,0.07700655879518382,0.005010118599302603,0.42818344432096034
5.1792323232323225,Natural,0.5,NA,1,5.1792323232323225,Natural,0.040799899903363974,0.04126299844689276,0.002929479383219158,0.2603390374254404
5.1792323232323225,Urban,0.5,NA,1,5.1792323232323225,Urban,0.9835515953702942,0.018445232627369735,0.8310256350278021,0.9991407694222577
5.245208754208753,Agricultural,0.5,NA,1,5.245208754208753,Agricultural,0.0713244631190125,0.07454293820735186,0.004537737088499445,0.4240544206448096
5.245208754208753,Natural,0.5,NA,1,5.245208754208753,Natural,0.038222471141901165,0.03926238891997051,0.0026225440562209898,0.253616957227539
5.245208754208753,Urban,0.5,NA,1,5.245208754208753,Urban,0.9849776197374955,0.017064682335840808,0.8376900492592835,0.9992604870837372
5.311185185185185,Agricultural,0.5,NA,1,5.311185185185185,Agricultural,0.06796865791149818,0.07203680463764393,0.004130103108451044,0.4207966387662227
5.311185185185185,Natural,0.5,NA,1,5.311185185185185,Natural,0.035834525717606945,0.037277287503629505,0.002371703576217994,0.24691098777159537
5.311185185185185,Urban,0.5,NA,1,5.311185185185185,Urban,0.9862869202897611,0.015739905022784422,0.8435655850658715,0.9993566762599447
5.377161616161615,Agricultural,0.5,NA,1,5.377161616161615,Agricultural,0.06469521536068061,0.06952241561310167,0.0037597048199054417,0.4165809784745179
5.377161616161615,Natural,0.5,NA,1,5.377161616161615,Natural,0.033683103748438546,0.03551820019180932,0.002130809734633245,0.2417879813405555
5.377161616161615,Urban,0.5,NA,1,5.377161616161615,Urban,0.9874546635817657,0.014562356983828927,0.8500685233787093,0.9994413121732153
5.443138047138047,Agricultural,0.5,NA,1,5.443138047138047,Agricultural,0.06160831860693549,0.06698098889564925,0.003422411476160755,0.4136863611243056
5.443138047138047,Natural,0.5,NA,1,5.443138047138047,Natural,0.03168414121181147,0.03386199361365834,0.0019121408627107185,0.2367124814151037
5.443138047138047,Urban,0.5,NA,1,5.443138047138047,Urban,0.9885157133698312,0.013446463741491676,0.8557302222000607,0.9995131976401094
5.509114478114477,Agricultural,0.5,NA,1,5.509114478114477,Agricultural,0.05878214613084301,0.06477782532142395,0.0031152837676224994,0.410201399126089
5.509114478114477,Natural,0.5,NA,1,5.509114478114477,Natural,0.029807946522432734,0.03219507927301444,0.0017158740270913745,0.2314069850314461
5.509114478114477,Urban,0.5,NA,1,5.509114478114477,Urban,0.9894850302844624,0.01243188205606779,0.860988485173901,0.9995828173544596
5.575090909090908,Agricultural,0.5,NA,1,5.575090909090908,Agricultural,0.056089304123048675,0.06250768639536727,0.002835640007463353,0.4073558870651915
5.575090909090908,Natural,0.5,NA,1,5.575090909090908,Natural,0.02801395299146147,0.030549460144526155,0.0015397216859117904,0.2259081685801435
5.575090909090908,Urban,0.5,NA,1,5.575090909090908,Urban,0.9903763195628628,0.011477192143592232,0.8666532356379305,0.9996390573166267
5.641067340067339,Agricultural,0.5,NA,1,5.641067340067339,Agricultural,0.05344891271380488,0.06018247537442861,0.002580288079118337,0.40453081917068584
5.641067340067339,Natural,0.5,NA,1,5.641067340067339,Natural,0.026331331041396646,0.029019916057227833,0.001381628423681197,0.2207642644788167
5.641067340067339,Urban,0.5,NA,1,5.641067340067339,Urban,0.9911767374298536,0.010633224050128336,0.871761163114282,0.9996867084874957
5.70704377104377,Agricultural,0.5,NA,1,5.70704377104377,Agricultural,0.05094329602485521,0.057915971769203406,0.0023390264206943332,0.4017092792432905
5.70704377104377,Natural,0.5,NA,1,5.70704377104377,Natural,0.024637938397474548,0.027480364200228348,0.0012397476819666453,0.21514031536566453
5.70704377104377,Urban,0.5,NA,1,5.70704377104377,Urban,0.9919237292996836,0.009811524469037257,0.8767019561349555,0.9997280593270357
5.773020202020201,Agricultural,0.5,NA,1,5.773020202020201,Agricultural,0.04856369283924494,0.05571160678068011,0.002115802357070615,0.3977870063261689
5.773020202020201,Natural,0.5,NA,1,5.773020202020201,Natural,0.02311438881907814,0.02611096657373809,0.0011124207667511266,0.20990786030900888
5.773020202020201,Urban,0.5,NA,1,5.773020202020201,Urban,0.9926048629523146,0.009054208289805804,0.8819517211867085,0.999763937617576
5.838996632996632,Agricultural,0.5,NA,1,5.838996632996632,Agricultural,0.04628292172347863,0.05365639944417792,0.0019302378046355919,0.39384422408049147
5.838996632996632,Natural,0.5,NA,1,5.838996632996632,Natural,0.021682007544219378,0.024728904996446005,9.981579207635196e-4,0.20414800182042825
5.838996632996632,Urban,0.5,NA,1,5.838996632996632,Urban,0.9932367326870408,0.008357196687427433,0.8866936974366467,0.9997950832609773
5.904973063973063,Agricultural,0.5,NA,1,5.904973063973063,Agricultural,0.044053379915940626,0.05152902041560617,0.0017533268140342772,0.38991521975470034
5.904973063973063,Natural,0.5,NA,1,5.904973063973063,Natural,0.020375718819960455,0.02341415698880014,8.940924871257461e-4,0.198450237930413
5.904973063973063,Urban,0.5,NA,1,5.904973063973063,Urban,0.9938213185212139,0.007699562681005111,0.8906670021025929,0.9998221202993095
5.970949494949494,Agricultural,0.5,NA,1,5.970949494949494,Agricultural,0.0419112435797285,0.0494555511976727,0.0015883883808576558,0.3861032749909213
5.970949494949494,Natural,0.5,NA,1,5.970949494949494,Natural,0.01916479345328395,0.02220457516732982,7.984659701961599e-4,0.19323049859158006
5.970949494949494,Urban,0.5,NA,1,5.970949494949494,Urban,0.9943552157385438,0.007070090020923838,0.8948787252275293,0.9998454140878421
6.0369259259259245,Agricultural,0.5,NA,1,6.0369259259259245,Agricultural,0.03988117367972557,0.04739455031544559,0.001441486305399168,0.3826012201974645
6.0369259259259245,Natural,0.5,NA,1,6.0369259259259245,Natural,0.018007471445419913,0.021061658489256428,7.130598438442163e-4,0.18786859381345478
6.0369259259259245,Urban,0.5,NA,1,6.0369259259259245,Urban,0.9948446783680922,0.006514921319966549,0.8990231871969027,0.9998654404830233
6.102902356902356,Agricultural,0.5,NA,1,6.102902356902356,Agricultural,0.037936899557806464,0.04544828708489098,0.0013176335583214307,0.3784352369343946
6.102902356902356,Natural,0.5,NA,1,6.102902356902356,Natural,0.01690525987935309,0.019918226481944353,6.368036268993452e-4,0.18294859880844233
6.102902356902356,Urban,0.5,NA,1,6.102902356902356,Urban,0.995295166168674,0.005989387062482141,0.9030543694887057,0.9998833533042033
6.1688787878787865,Agricultural,0.5,NA,1,6.1688787878787865,Agricultural,0.03610910362280708,0.043591334430381615,0.0012028757402965439,0.37437982959851834
6.1688787878787865,Natural,0.5,NA,1,6.1688787878787865,Natural,0.015874618933407622,0.018860423568426942,5.688041242700402e-4,0.17870560140154648
6.1688787878787865,Urban,0.5,NA,1,6.1688787878787865,Urban,0.995704119981407,0.005511765523879692,0.9079147290091626,0.9998990361191229
6.234855218855218,Agricultural,0.5,NA,1,6.234855218855218,Agricultural,0.034359236927395995,0.04180028861668524,0.0010956636513681543,0.37054131135887564
6.234855218855218,Natural,0.5,NA,1,6.234855218855218,Natural,0.014892747738109651,0.017824945333713486,5.080635880915321e-4,0.17485374190749856
6.234855218855218,Urban,0.5,NA,1,6.234855218855218,Urban,0.9960890884154825,0.005047463258431796,0.9125883338718439,0.9999123599788452
6.300831649831649,Agricultural,0.5,NA,1,6.300831649831649,Agricultural,0.03268913208363636,0.040066256124678935,9.937048198960508e-4,0.3667276106916339
6.300831649831649,Natural,0.5,NA,1,6.300831649831649,Natural,0.013974407814087753,0.016878364096689753,4.5688494774082225e-4,0.17131186849069016
6.300831649831649,Urban,0.5,NA,1,6.300831649831649,Urban,0.9964206646175819,0.004643665333159259,0.9158381255582497,0.9999237438192484
6.36680808080808,Agricultural,0.5,NA,1,6.36680808080808,Agricultural,0.031159022789403402,0.038485596165538614,9.030973141389298e-4,0.36330077878598066
6.36680808080808,Natural,0.5,NA,1,6.36680808080808,Natural,0.013114101527522704,0.015951200499049682,4.1025046712773945e-4,0.16703235238562675
6.36680808080808,Urban,0.5,NA,1,6.36680808080808,Urban,0.9967233147560004,0.0042796359502609025,0.9188032677724962,0.9999339808213658
6.432784511784511,Agricultural,0.5,NA,1,6.432784511784511,Agricultural,0.0296577438327418,0.036879162703252887,8.20864218928798e-4,0.36039325988257787
6.432784511784511,Natural,0.5,NA,1,6.432784511784511,Natural,0.01228882535625384,0.015041614724968067,3.6685321929302037e-4,0.16273786674343263
6.432784511784511,Urban,0.5,NA,1,6.432784511784511,Urban,0.997008086881414,0.003924877629143923,0.9216728260919007,0.9999426907846692
6.498760942760942,Agricultural,0.5,NA,1,6.498760942760942,Agricultural,0.02818991445408084,0.035314254127944096,7.464723162140097e-4,0.35589071520384563
6.498760942760942,Natural,0.5,NA,1,6.498760942760942,Natural,0.011522168467949134,0.014188797706446474,3.2804514324594864e-4,0.1585328020350793
6.498760942760942,Urban,0.5,NA,1,6.498760942760942,Urban,0.9972766294853099,0.0035868017898953285,0.9249749499660495,0.9999501280303101
6.564737373737373,Agricultural,0.5,NA,1,6.564737373737373,Agricultural,0.026780172549792307,0.03376201241934286,6.801340447399266e-4,0.351632305454965
6.564737373737373,Natural,0.5,NA,1,6.564737373737373,Natural,0.010813059690473853,0.01340310701131729,2.933605443780286e-4,0.15450567477782695
6.564737373737373,Urban,0.5,NA,1,6.564737373737373,Urban,0.9975133414124173,0.003292616566730429,0.9290098731481502,0.9999568293350284
6.630713804713803,Agricultural,0.5,NA,1,6.630713804713803,Agricultural,0.025477500641922855,0.032326679919684013,6.196876325478351e-4,0.34880254670204774
6.630713804713803,Natural,0.5,NA,1,6.630713804713803,Natural,0.010111794056544323,0.012667354919661047,2.6236203511349944e-4,0.15075160120594847
6.630713804713803,Urban,0.5,NA,1,6.630713804713803,Urban,0.9977304319745071,0.003020760314582046,0.9328434636119931,0.999962537459246
6.696690235690235,Agricultural,0.5,NA,1,6.696690235690235,Agricultural,0.024221928940145732,0.030913100888287665,5.646104040637393e-4,0.34598341012638173
6.696690235690235,Natural,0.5,NA,1,6.696690235690235,Natural,0.009453902415330753,0.011908255164640868,2.3466410956183157e-4,0.14707287699492497
6.696690235690235,Urban,0.5,NA,1,6.696690235690235,Urban,0.9979307231293919,0.0027661734552195463,0.9361961689718282,0.9999674907993857
6.762666666666666,Agricultural,0.5,NA,1,6.762666666666666,Agricultural,0.023054958650176056,0.02963227443007935,5.144259463328975e-4,0.34316725478649923
6.762666666666666,Natural,0.5,NA,1,6.762666666666666,Natural,0.00889159210055485,0.011253286613092035,2.1131883458800588e-4,0.1435399843697798
6.762666666666666,Urban,0.5,NA,1,6.762666666666666,Urban,0.9981115940284466,0.0025343815031078827,0.9388340546605277,0.9999718621280151
