residuals,Habitat,Preference,Species,cond__,effect1__,effect2__,estimate__,se__,lower__,upper__
-0.46994850057217025,Agricultural,0.47435897435897434,NA,1,-0.46994850057217025,Agricultural,0.4257467006456198,0.22963739518209045,0.08571084654664207,0.8490060064579994
-0.46994850057217025,Natural,0.47435897435897434,NA,1,-0.46994850057217025,Natural,0.7446595647034746,0.17972301946567115,0.27923511161736,0.9619578182502281
-0.46994850057217025,Urban,0.47435897435897434,NA,1,-0.46994850057217025,Urban,0.10410504855538075,0.10812611894510353,0.0058570142445806914,0.5398341568364494
-0.45923121875946116,Agricultural,0.47435897435897434,NA,1,-0.45923121875946116,Agricultural,0.4276414528973632,0.22637841216041527,0.09012684316769262,0.8447927635241749
-0.45923121875946116,Natural,0.47435897435897434,NA,1,-0.45923121875946116,Natural,0.740093242205309,0.1793920683801148,0.2827156568172515,0.9597171436890432
-0.45923121875946116,Urban,0.47435897435897434,NA,1,-0.45923121875946116,Urban,0.10825241424910137,0.11035122437537433,0.00641951735071428,0.5388480802755097
-0.44851393694675207,Agricultural,0.47435897435897434,NA,1,-0.44851393694675207,Agricultural,0.4295806124351308,0.22300566126194601,0.0944408407921673,0.8412752589523008
-0.44851393694675207,Natural,0.47435897435897434,NA,1,-0.44851393694675207,Natural,0.735221519092861,0.17788320349474507,0.2863388950509437,0.9564183154104939
-0.44851393694675207,Urban,0.47435897435897434,NA,1,-0.44851393694675207,Urban,0.11204430888580698,0.11219847487809403,0.006971606598324665,0.5393880708989246
-0.4377966551340429,Agricultural,0.47435897435897434,NA,1,-0.4377966551340429,Agricultural,0.4321212225347015,0.22001803653606608,0.09809523132237037,0.8373409537845559
-0.4377966551340429,Natural,0.47435897435897434,NA,1,-0.4377966551340429,Natural,0.7305199624070078,0.17654745855116333,0.2881865764825004,0.9538247716046592
-0.4377966551340429,Urban,0.47435897435897434,NA,1,-0.4377966551340429,Urban,0.11651881024447837,0.11426071897309992,0.007674201698004924,0.5382894862320514
-0.42707937332133383,Agricultural,0.47435897435897434,NA,1,-0.42707937332133383,Agricultural,0.4344652493667085,0.21558133035126353,0.10317602776397752,0.8330678039643666
-0.42707937332133383,Natural,0.47435897435897434,NA,1,-0.42707937332133383,Natural,0.725145290133882,0.17625665898677145,0.2912841334248821,0.9507176143835794
-0.42707937332133383,Urban,0.47435897435897434,NA,1,-0.42707937332133383,Urban,0.12079514974574804,0.11604386665099413,0.008450193865983833,0.5385306391987896
-0.41636209150862474,Agricultural,0.47435897435897434,NA,1,-0.41636209150862474,Agricultural,0.43665125917036585,0.2129760334875311,0.10788351084562708,0.8284496483483265
-0.41636209150862474,Natural,0.47435897435897434,NA,1,-0.41636209150862474,Natural,0.7204517728549036,0.1760731955214923,0.2948217447245476,0.9479552324693837
-0.41636209150862474,Urban,0.47435897435897434,NA,1,-0.41636209150862474,Urban,0.12496148086656336,0.11800787937341568,0.009466021958753344,0.5381059424676529
-0.40564480969591565,Agricultural,0.47435897435897434,NA,1,-0.40564480969591565,Agricultural,0.4383226714288847,0.20893556398992144,0.11320950038086602,0.8228055660914415
-0.40564480969591565,Natural,0.47435897435897434,NA,1,-0.40564480969591565,Natural,0.7157205463316554,0.1735977150464382,0.2973057464172558,0.9448523512448547
-0.40564480969591565,Urban,0.47435897435897434,NA,1,-0.40564480969591565,Urban,0.12947639029215047,0.12016477313646517,0.010406352512987957,0.5355102888141715
-0.3949275278832065,Agricultural,0.47435897435897434,NA,1,-0.3949275278832065,Agricultural,0.4407304546829079,0.20547407300991039,0.11824620102018238,0.8184461458355549
-0.3949275278832065,Natural,0.47435897435897434,NA,1,-0.3949275278832065,Natural,0.7105796788487753,0.17178221273352423,0.3003920101748222,0.9412136697278182
-0.3949275278832065,Urban,0.47435897435897434,NA,1,-0.3949275278832065,Urban,0.13414362675382657,0.12143556677885958,0.01143912555490737,0.5348028605968749
-0.3842102460704974,Agricultural,0.47435897435897434,NA,1,-0.3842102460704974,Agricultural,0.4424754480650595,0.20216343414584828,0.1226123644603659,0.8138273988454424
-0.3842102460704974,Natural,0.47435897435897434,NA,1,-0.3842102460704974,Natural,0.7050076198572621,0.1710264012488333,0.3027433791192835,0.9376608641974787
-0.3842102460704974,Urban,0.47435897435897434,NA,1,-0.3842102460704974,Urban,0.13863058624794633,0.12268029027980235,0.012538627231168194,0.5337743674352475
-0.37349296425778833,Agricultural,0.47435897435897434,NA,1,-0.37349296425778833,Agricultural,0.44458741518765443,0.19879420465761713,0.12835609448223173,0.8101078614112323
-0.37349296425778833,Natural,0.47435897435897434,NA,1,-0.37349296425778833,Natural,0.6986417320484319,0.1697318043635128,0.3057679310256627,0.933651398862652
-0.37349296425778833,Urban,0.47435897435897434,NA,1,-0.37349296425778833,Urban,0.1439758367965753,0.12474284441545248,0.013819612809562625,0.5325997623990322
-0.36277568244507924,Agricultural,0.47435897435897434,NA,1,-0.36277568244507924,Agricultural,0.44694920703407626,0.19608716808255672,0.13282232425540716,0.8058233405688752
-0.36277568244507924,Natural,0.47435897435897434,NA,1,-0.36277568244507924,Natural,0.6935903233735123,0.16783641052388285,0.30593353449861843,0.9300020208952365
-0.36277568244507924,Urban,0.47435897435897434,NA,1,-0.36277568244507924,Urban,0.14910383510325986,0.1264034126452742,0.01518339976961552,0.5322847005924225
-0.35205840063237015,Agricultural,0.47435897435897434,NA,1,-0.35205840063237015,Agricultural,0.44909573602767994,0.19212721298255586,0.13925585469616866,0.8024411073253263
-0.35205840063237015,Natural,0.47435897435897434,NA,1,-0.35205840063237015,Natural,0.6877334277984652,0.16626264858989065,0.30808980509940787,0.9251384388412246
-0.35205840063237015,Urban,0.47435897435897434,NA,1,-0.35205840063237015,Urban,0.15446921315583312,0.12756246257246967,0.01668309322056228,0.5326837080109218
-0.341341118819661,Agricultural,0.47435897435897434,NA,1,-0.341341118819661,Agricultural,0.45069339039234857,0.18842190527573527,0.1456165546640118,0.7987616508401935
-0.341341118819661,Natural,0.47435897435897434,NA,1,-0.341341118819661,Natural,0.6820470434341135,0.1644076532583577,0.3104879172961132,0.920662367428999
-0.341341118819661,Urban,0.47435897435897434,NA,1,-0.341341118819661,Urban,0.16007537434476948,0.12845719382791815,0.01850575033806846,0.5330334685638517
-0.3306238370069519,Agricultural,0.47435897435897434,NA,1,-0.3306238370069519,Agricultural,0.45344167470114094,0.18528392380139272,0.15199433003041424,0.7956178834350683
-0.3306238370069519,Natural,0.47435897435897434,NA,1,-0.3306238370069519,Natural,0.676201647809652,0.16297037245448984,0.3107706530426679,0.9154628917534722
-0.3306238370069519,Urban,0.47435897435897434,NA,1,-0.3306238370069519,Urban,0.16569910360263757,0.12991541785592886,0.020689904239992125,0.5321843910577334
-0.3199065551942428,Agricultural,0.47435897435897434,NA,1,-0.3199065551942428,Agricultural,0.45579002854935735,0.1807897536503213,0.15806412547649204,0.7913920610942632
-0.3199065551942428,Natural,0.47435897435897434,NA,1,-0.3199065551942428,Natural,0.6702770354875343,0.16115305850514505,0.31178393348387384,0.9102952989348714
-0.3199065551942428,Urban,0.47435897435897434,NA,1,-0.3199065551942428,Urban,0.17124326596364897,0.12990847530291472,0.02272302197062618,0.533412053850424
-0.3091892733815337,Agricultural,0.47435897435897434,NA,1,-0.3091892733815337,Agricultural,0.45858636750971293,0.1771875012938323,0.16568167443033677,0.7875589341795425
-0.3091892733815337,Natural,0.47435897435897434,NA,1,-0.3091892733815337,Natural,0.6644531638165218,0.15915197066685602,0.3148375222277464,0.9043407154377672
-0.3091892733815337,Urban,0.47435897435897434,NA,1,-0.3091892733815337,Urban,0.17731835919192473,0.13087083938157174,0.024660715001602804,0.5337525707021639
-0.29847199156882465,Agricultural,0.47435897435897434,NA,1,-0.29847199156882465,Agricultural,0.46006407671887284,0.1736058768059307,0.17122973832947705,0.7834844233803552
-0.29847199156882465,Natural,0.47435897435897434,NA,1,-0.29847199156882465,Natural,0.6591136491512577,0.15678568431371237,0.317671939618834,0.8978009698292067
-0.29847199156882465,Urban,0.47435897435897434,NA,1,-0.29847199156882465,Urban,0.18278307168573832,0.13131220464777657,0.027186550584390436,0.5340241116173033
-0.2877547097561155,Agricultural,0.47435897435897434,NA,1,-0.2877547097561155,Agricultural,0.46291645222764577,0.16967847775281714,0.17893204929189913,0.7802549741867686
-0.2877547097561155,Natural,0.47435897435897434,NA,1,-0.2877547097561155,Natural,0.6539191202661032,0.1542624150001483,0.32008003998157014,0.8919648212447158
-0.2877547097561155,Urban,0.47435897435897434,NA,1,-0.2877547097561155,Urban,0.18882734449084482,0.1314221097383396,0.029967443041517848,0.5349288268291919
-0.2770374279434064,Agricultural,0.47435897435897434,NA,1,-0.2770374279434064,Agricultural,0.46556366327487064,0.1666484999814693,0.18591092571929196,0.7756195302421737
-0.2770374279434064,Natural,0.47435897435897434,NA,1,-0.2770374279434064,Natural,0.649018862641862,0.15115959312393654,0.32199133669558205,0.8856415775537745
-0.2770374279434064,Urban,0.47435897435897434,NA,1,-0.2770374279434064,Urban,0.19550301172714207,0.13191120795431285,0.03281050213956705,0.5343543726818222
-0.2663201461306973,Agricultural,0.47435897435897434,NA,1,-0.2663201461306973,Agricultural,0.46853766581577655,0.1633403513172938,0.19267132497220255,0.7720552188083921
-0.2663201461306973,Natural,0.47435897435897434,NA,1,-0.2663201461306973,Natural,0.6433403173812322,0.1487304888283971,0.3233552628785714,0.8790933027466116
-0.2663201461306973,Urban,0.47435897435897434,NA,1,-0.2663201461306973,Urban,0.20143176682553865,0.13187077527446353,0.03600602806178726,0.5356777869346734
-0.2556028643179882,Agricultural,0.47435897435897434,NA,1,-0.2556028643179882,Agricultural,0.4714700043542915,0.15974945147158096,0.1985988427896372,0.7671094590709275
-0.2556028643179882,Natural,0.47435897435897434,NA,1,-0.2556028643179882,Natural,0.6373223461291739,0.14677094490183804,0.3260420679963814,0.8724099345823068
-0.2556028643179882,Urban,0.47435897435897434,NA,1,-0.2556028643179882,Urban,0.20820064035111657,0.13228771033206552,0.03927196204607177,0.5363063624823609
-0.24488558250527911,Agricultural,0.47435897435897434,NA,1,-0.24488558250527911,Agricultural,0.4747501989067486,0.15623171400703523,0.20458042765712564,0.7640011475603751
-0.24488558250527911,Natural,0.47435897435897434,NA,1,-0.24488558250527911,Natural,0.632442246455883,0.14394776064132223,0.326341678253455,0.866040048753813
-0.24488558250527911,Urban,0.47435897435897434,NA,1,-0.24488558250527911,Urban,0.21585856737669074,0.13131125759035936,0.04272973060295587,0.5399043541272774
-0.23416830069257,Agricultural,0.47435897435897434,NA,1,-0.23416830069257,Agricultural,0.47671872358992184,0.1524623738795765,0.21041116792797188,0.7606206955421718
-0.23416830069257,Natural,0.47435897435897434,NA,1,-0.23416830069257,Natural,0.6271310200319117,0.14131934286178077,0.32765581889558804,0.8592605537029576
-0.23416830069257,Urban,0.47435897435897434,NA,1,-0.23416830069257,Urban,0.22278619267418667,0.1306785657114759,0.04712898500490079,0.5414647333442962
-0.2234510188798609,Agricultural,0.47435897435897434,NA,1,-0.2234510188798609,Agricultural,0.4790637257596386,0.1485873335189902,0.2152773162418826,0.7578299694974205
-0.2234510188798609,Natural,0.47435897435897434,NA,1,-0.2234510188798609,Natural,0.6214290829361182,0.13947040697003169,0.32836654314034647,0.853081057749425
-0.2234510188798609,Urban,0.47435897435897434,NA,1,-0.2234510188798609,Urban,0.23096730991923203,0.1301933368698638,0.05129542282842242,0.5445247019424796
-0.21273373706715182,Agricultural,0.47435897435897434,NA,1,-0.21273373706715182,Agricultural,0.4813891036123369,0.1468715160706887,0.2222081733195389,0.7532768144734631
-0.21273373706715182,Natural,0.47435897435897434,NA,1,-0.21273373706715182,Natural,0.6152321267567431,0.1366754818521057,0.3284631724010396,0.8453460945032407
-0.21273373706715182,Urban,0.47435897435897434,NA,1,-0.21273373706715182,Urban,0.23814650754577538,0.13002093605598702,0.056275675914335,0.5470022447567892
-0.20201645525444273,Agricultural,0.47435897435897434,NA,1,-0.20201645525444273,Agricultural,0.4840838804152252,0.1444632813513886,0.22899209148355829,0.7487934954122287
-0.20201645525444273,Natural,0.47435897435897434,NA,1,-0.20201645525444273,Natural,0.6101310180641346,0.134522295603933,0.32972874020179743,0.8369503530598269
-0.20201645525444273,Urban,0.47435897435897434,NA,1,-0.20201645525444273,Urban,0.24573704001212812,0.12856803787699145,0.0620160964368087,0.5463921931807338
-0.19129917344173358,Agricultural,0.47435897435897434,NA,1,-0.19129917344173358,Agricultural,0.48569134132709324,0.14226177632526046,0.2364113176275619,0.7468091955260218
-0.19129917344173358,Natural,0.47435897435897434,NA,1,-0.19129917344173358,Natural,0.6034249854569924,0.13067455170496153,0.3284283742555908,0.8296682124926574
-0.19129917344173358,Urban,0.47435897435897434,NA,1,-0.19129917344173358,Urban,0.25341453480747156,0.12722865261944935,0.06693185648028596,0.549378306103603
-0.1805818916290245,Agricultural,0.47435897435897434,NA,1,-0.1805818916290245,Agricultural,0.4884246787488874,0.13885232565183542,0.2435391630016675,0.7448422254847605
-0.1805818916290245,Natural,0.47435897435897434,NA,1,-0.1805818916290245,Natural,0.597056147426215,0.12776397765523115,0.3296694786560221,0.8212834008923826
-0.1805818916290245,Urban,0.47435897435897434,NA,1,-0.1805818916290245,Urban,0.26167964660924736,0.12638159132672194,0.07286532330565236,0.5482804110714082
-0.1698646098163154,Agricultural,0.47435897435897434,NA,1,-0.1698646098163154,Agricultural,0.4912907187399186,0.13605942283290237,0.25053495523862135,0.7406297799807753
-0.1698646098163154,Natural,0.47435897435897434,NA,1,-0.1698646098163154,Natural,0.5897897424141482,0.12573141999655754,0.3304934330995325,0.8129556241787995
-0.1698646098163154,Urban,0.47435897435897434,NA,1,-0.1698646098163154,Urban,0.26976050283912184,0.12557627055578507,0.07935084316097121,0.5507502839563627
-0.15914732800360631,Agricultural,0.47435897435897434,NA,1,-0.15914732800360631,Agricultural,0.493666296024866,0.1345683755136394,0.25709214661913243,0.736526498043243
-0.15914732800360631,Natural,0.47435897435897434,NA,1,-0.15914732800360631,Natural,0.5835357975603095,0.12361836515287532,0.3307426720927207,0.8056018215123223
-0.15914732800360631,Urban,0.47435897435897434,NA,1,-0.15914732800360631,Urban,0.27876497279970847,0.12503377219485587,0.08653728895239567,0.5495987018683383
-0.14843004619089717,Agricultural,0.47435897435897434,NA,1,-0.14843004619089717,Agricultural,0.49555459105643473,0.13291466322305096,0.26099091807258057,0.7362577664403063
-0.14843004619089717,Natural,0.47435897435897434,NA,1,-0.14843004619089717,Natural,0.5772974189805153,0.12023397735756532,0.33108969582715914,0.7992581408241002
-0.14843004619089717,Urban,0.47435897435897434,NA,1,-0.14843004619089717,Urban,0.2874596076701802,0.12421074393805885,0.09459752027958743,0.5513656688617128
-0.13771276437818808,Agricultural,0.47435897435897434,NA,1,-0.13771276437818808,Agricultural,0.49901793487186213,0.1315722966770455,0.2663646346958719,0.7341574704487133
-0.13771276437818808,Natural,0.47435897435897434,NA,1,-0.13771276437818808,Natural,0.5712819388717042,0.11912549272383356,0.32998538218214724,0.7935446427474135
-0.13771276437818808,Urban,0.47435897435897434,NA,1,-0.13771276437818808,Urban,0.2950049026443926,0.12179529225420155,0.10396742518801286,0.5555818733300014
-0.126995482565479,Agricultural,0.47435897435897434,NA,1,-0.126995482565479,Agricultural,0.5016827301166393,0.1294316642796333,0.27180285766892404,0.7333898357736357
-0.126995482565479,Natural,0.47435897435897434,NA,1,-0.126995482565479,Natural,0.56455413087942,0.11754210870167446,0.32885684806823595,0.7834184110466202
-0.126995482565479,Urban,0.47435897435897434,NA,1,-0.126995482565479,Urban,0.30430992437387827,0.12027071775267822,0.11316742469555988,0.5610678289387225
-0.1162782007527699,Agricultural,0.47435897435897434,NA,1,-0.1162782007527699,Agricultural,0.5049424775305552,0.1276634229787866,0.2764074472244827,0.7327247904299821
-0.1162782007527699,Natural,0.47435897435897434,NA,1,-0.1162782007527699,Natural,0.5576607658693546,0.11661022945994902,0.32696180693632976,0.7753035550875389
-0.1162782007527699,Urban,0.47435897435897434,NA,1,-0.1162782007527699,Urban,0.31437271014136314,0.11864775992978728,0.1217083496396535,0.5657085164105279
-0.10556091894006081,Agricultural,0.47435897435897434,NA,1,-0.10556091894006081,Agricultural,0.5069109732137116,0.125287236405584,0.2819834974447055,0.7329290617368928
-0.10556091894006081,Natural,0.47435897435897434,NA,1,-0.10556091894006081,Natural,0.5512686877574633,0.1146274360619616,0.32526495702709324,0.767722629388451
-0.10556091894006081,Urban,0.47435897435897434,NA,1,-0.10556091894006081,Urban,0.32376698844949103,0.11627076029606559,0.1303678898140403,0.569092305181387
-0.09484363712735167,Agricultural,0.47435897435897434,NA,1,-0.09484363712735167,Agricultural,0.5092210345894264,0.12342656589563886,0.2890267897265133,0.7322512507726023
-0.09484363712735167,Natural,0.47435897435897434,NA,1,-0.09484363712735167,Natural,0.5447885376420517,0.11292716999035333,0.3230444042689228,0.7588981964641406
-0.09484363712735167,Urban,0.47435897435897434,NA,1,-0.09484363712735167,Urban,0.3331905268412987,0.11545859455637862,0.13839926748540252,0.5720982073109714
-0.08412635531464258,Agricultural,0.47435897435897434,NA,1,-0.08412635531464258,Agricultural,0.5123598190364027,0.12216458693557739,0.2919655248751549,0.7323041429225464
-0.08412635531464258,Natural,0.47435897435897434,NA,1,-0.08412635531464258,Natural,0.5383531154926484,0.11127593631338249,0.32094028981543865,0.749606197320737
-0.08412635531464258,Urban,0.47435897435897434,NA,1,-0.08412635531464258,Urban,0.342467057408616,0.11437385443273747,0.14747106101904453,0.5748136981604184
-0.07340907350193349,Agricultural,0.47435897435897434,NA,1,-0.07340907350193349,Agricultural,0.5146891299480645,0.12099466672560283,0.2936592251119147,0.7343163767432502
-0.07340907350193349,Natural,0.47435897435897434,NA,1,-0.07340907350193349,Natural,0.5318761299992527,0.10999580857435029,0.31720919495069605,0.7402756715972464
-0.07340907350193349,Urban,0.47435897435897434,NA,1,-0.07340907350193349,Urban,0.35145969663522225,0.11356847877817274,0.15871199430524513,0.579937294540975
-0.0626917916892244,Agricultural,0.47435897435897434,NA,1,-0.0626917916892244,Agricultural,0.5170500580737041,0.12046456926254223,0.2969659785160155,0.7347108057809006
-0.0626917916892244,Natural,0.47435897435897434,NA,1,-0.0626917916892244,Natural,0.5257761046761256,0.1085779617086955,0.3139465620412619,0.7327182061971703
-0.0626917916892244,Urban,0.47435897435897434,NA,1,-0.0626917916892244,Urban,0.360897622524877,0.1124815345981507,0.16908599461377566,0.5855770887642032
-0.05197450987651525,Agricultural,0.47435897435897434,NA,1,-0.05197450987651525,Agricultural,0.5203265126335145,0.12090845078729444,0.29938231079399563,0.7354728879991921
-0.05197450987651525,Natural,0.47435897435897434,NA,1,-0.05197450987651525,Natural,0.5199370660181237,0.1065704849882261,0.31020192128191,0.7229623007463493
-0.05197450987651525,Urban,0.47435897435897434,NA,1,-0.05197450987651525,Urban,0.3701062528856246,0.1130051117006324,0.1800671058909227,0.5949322523475739
-0.04125722806380616,Agricultural,0.47435897435897434,NA,1,-0.04125722806380616,Agricultural,0.5230204488787175,0.1194525892146461,0.3026885545706887,0.7358444705828037
-0.04125722806380616,Natural,0.47435897435897434,NA,1,-0.04125722806380616,Natural,0.5123522367598422,0.10592307572968473,0.3088935177601124,0.715809449580201
-0.04125722806380616,Urban,0.47435897435897434,NA,1,-0.04125722806380616,Urban,0.3793125081550365,0.11297795768492606,0.19080785554529048,0.6034698773372078
-0.030539946251097072,Agricultural,0.47435897435897434,NA,1,-0.030539946251097072,Agricultural,0.5249136139424901,0.11906189438403274,0.30576632331198167,0.7366351547878243
-0.030539946251097072,Natural,0.47435897435897434,NA,1,-0.030539946251097072,Natural,0.5059788932488725,0.10569786351771845,0.30394736212494733,0.7094046590468871
-0.030539946251097072,Urban,0.47435897435897434,NA,1,-0.030539946251097072,Urban,0.39011359198290635,0.11268396758152774,0.20051543600338084,0.6110855080185583
-0.019822664438387982,Agricultural,0.47435897435897434,NA,1,-0.019822664438387982,Agricultural,0.5282447146224478,0.12040512237390885,0.31041504749847265,0.7405752523111815
-0.019822664438387982,Natural,0.47435897435897434,NA,1,-0.019822664438387982,Natural,0.4994779838607691,0.10570193086228287,0.29729146780104715,0.7043844176944118
-0.019822664438387982,Urban,0.47435897435897434,NA,1,-0.019822664438387982,Urban,0.39917697802106133,0.11407366286637016,0.2085735230181198,0.6183064718248682
-0.009105382625678893,Agricultural,0.47435897435897434,NA,1,-0.009105382625678893,Agricultural,0.5306638950316935,0.1203825734525067,0.3095824326192826,0.7415378633848905
-0.009105382625678893,Natural,0.47435897435897434,NA,1,-0.009105382625678893,Natural,0.4922916186425894,0.1059052254921067,0.2938305947203217,0.6971039373156909
-0.009105382625678893,Urban,0.47435897435897434,NA,1,-0.009105382625678893,Urban,0.41110065888813446,0.11357997793048079,0.21915895285241388,0.6263519286199031
0.0016118991870302524,Agricultural,0.47435897435897434,NA,1,0.0016118991870302524,Agricultural,0.5331875270703741,0.12015061920961055,0.3125324663541506,0.7443248758399276
0.0016118991870302524,Natural,0.47435897435897434,NA,1,0.0016118991870302524,Natural,0.4849183915600407,0.10654221431771399,0.29062956903862397,0.691827496270217
0.0016118991870302524,Urban,0.47435897435897434,NA,1,0.0016118991870302524,Urban,0.423037327058683,0.1134920285799666,0.22994995571903837,0.6353213626817413
0.012329180999739342,Agricultural,0.47435897435897434,NA,1,0.012329180999739342,Agricultural,0.5359709533493136,0.12086051969762822,0.31103944110948223,0.750266004054335
0.012329180999739342,Natural,0.47435897435897434,NA,1,0.012329180999739342,Natural,0.47821867936627604,0.10568679771589178,0.28392115208070706,0.6849689272344907
0.012329180999739342,Urban,0.47435897435897434,NA,1,0.012329180999739342,Urban,0.43457706136724167,0.11524606280484395,0.23919345061346814,0.6449587187133072
0.02304646281244843,Agricultural,0.47435897435897434,NA,1,0.02304646281244843,Agricultural,0.5382039423298605,0.12106509759184085,0.30909489555194725,0.7549511239484556
0.02304646281244843,Natural,0.47435897435897434,NA,1,0.02304646281244843,Natural,0.4713962277274084,0.10649135714895781,0.27993047751410466,0.6811788255775162
0.02304646281244843,Urban,0.47435897435897434,NA,1,0.02304646281244843,Urban,0.4439875054681852,0.11546974154438071,0.2474746962129282,0.655355533371211
0.03376374462515758,Agricultural,0.47435897435897434,NA,1,0.03376374462515758,Agricultural,0.5395755333166564,0.12239583191796717,0.30863153701519885,0.7607760052639014
0.03376374462515758,Natural,0.47435897435897434,NA,1,0.03376374462515758,Natural,0.4646955289295922,0.10702749536680396,0.2714731707643472,0.678169080723254
0.03376374462515758,Urban,0.47435897435897434,NA,1,0.03376374462515758,Urban,0.45508695517758774,0.11719446685751655,0.25452334823488787,0.6697550840018546
0.04448102643786661,Agricultural,0.47435897435897434,NA,1,0.04448102643786661,Agricultural,0.541398059207897,0.12412906947422551,0.306824643534443,0.7661177356981541
0.04448102643786661,Natural,0.47435897435897434,NA,1,0.04448102643786661,Natural,0.4578209933157479,0.10749558062340282,0.26581568992579885,0.671771198499399
0.04448102643786661,Urban,0.47435897435897434,NA,1,0.04448102643786661,Urban,0.465719305835294,0.12005352784504691,0.26130496350684596,0.684659251720641
0.055198308250575756,Agricultural,0.47435897435897434,NA,1,0.055198308250575756,Agricultural,0.543208333673763,0.12518577908818604,0.30518142370322787,0.7689809432932484
0.055198308250575756,Natural,0.47435897435897434,NA,1,0.055198308250575756,Natural,0.45234454784262845,0.10790848083366043,0.2586122873264762,0.6677770728089982
0.055198308250575756,Urban,0.47435897435897434,NA,1,0.055198308250575756,Urban,0.4766889361259087,0.12190206421073083,0.2690128096380925,0.6992604035936925
0.06591559006328479,Agricultural,0.47435897435897434,NA,1,0.06591559006328479,Agricultural,0.5449250095357729,0.12735485658324758,0.3033287187237607,0.7736522419024341
0.06591559006328479,Natural,0.47435897435897434,NA,1,0.06591559006328479,Natural,0.4456702636527621,0.10852734390494431,0.2501098597489439,0.6669422269420052
0.06591559006328479,Urban,0.47435897435897434,NA,1,0.06591559006328479,Urban,0.48624604235251234,0.12325144815464784,0.27681413287724405,0.7141335685225103
0.07663287187599394,Agricultural,0.47435897435897434,NA,1,0.07663287187599394,Agricultural,0.5471481402969962,0.12823430051921492,0.3011372557076593,0.7805200010983258
0.07663287187599394,Natural,0.47435897435897434,NA,1,0.07663287187599394,Natural,0.439287118578163,0.10883850053703531,0.2422879518053581,0.6661308706785958
0.07663287187599394,Urban,0.47435897435897434,NA,1,0.07663287187599394,Urban,0.4971940932675226,0.12469927043714296,0.2810553479773604,0.7284172332985276
0.08735015368870308,Agricultural,0.47435897435897434,NA,1,0.08735015368870308,Agricultural,0.5499041678162973,0.12987856170692014,0.3000898657562603,0.7851607892781945
0.08735015368870308,Natural,0.47435897435897434,NA,1,0.08735015368870308,Natural,0.4333274626559355,0.11013828002439591,0.23496644060938587,0.6625977567835377
0.08735015368870308,Urban,0.47435897435897434,NA,1,0.08735015368870308,Urban,0.5092316516520283,0.12645215534728557,0.2830258939524603,0.7419526696137486
0.09806743550141211,Agricultural,0.47435897435897434,NA,1,0.09806743550141211,Agricultural,0.5518792749164025,0.13318310787190982,0.29902444974842524,0.791076819647019
0.09806743550141211,Natural,0.47435897435897434,NA,1,0.09806743550141211,Natural,0.4266531927515653,0.11180582625095102,0.22597612542625847,0.6594647672155995
0.09806743550141211,Urban,0.47435897435897434,NA,1,0.09806743550141211,Urban,0.5197131807658439,0.12864195255688712,0.28688043856964807,0.7543331450568306
0.10878471731412126,Agricultural,0.47435897435897434,NA,1,0.10878471731412126,Agricultural,0.5533080546528257,0.1366947927358649,0.2967321164577916,0.79641625441956
0.10878471731412126,Natural,0.47435897435897434,NA,1,0.10878471731412126,Natural,0.42057178607873935,0.11395687574911922,0.21889182390991227,0.6564987751576499
0.10878471731412126,Urban,0.47435897435897434,NA,1,0.10878471731412126,Urban,0.5299712815592679,0.1315827602673881,0.29044526726159015,0.7702013018768946
0.1195019991268304,Agricultural,0.47435897435897434,NA,1,0.1195019991268304,Agricultural,0.5555252181449564,0.13820978220351418,0.29340307834837476,0.8013797708128984
0.1195019991268304,Natural,0.47435897435897434,NA,1,0.1195019991268304,Natural,0.41438936232279694,0.11538608630209829,0.21195993442474176,0.6546022046900757
0.1195019991268304,Urban,0.47435897435897434,NA,1,0.1195019991268304,Urban,0.5397513705069705,0.13354188513121076,0.29300435451946294,0.7854104167889839
0.13021928093953944,Agricultural,0.47435897435897434,NA,1,0.13021928093953944,Agricultural,0.5582431528146552,0.1398791521698735,0.2904220265158409,0.8062201084553342
0.13021928093953944,Natural,0.47435897435897434,NA,1,0.13021928093953944,Natural,0.4075889188566208,0.117393687593423,0.20517684167455777,0.651331652794027
0.13021928093953944,Urban,0.47435897435897434,NA,1,0.13021928093953944,Urban,0.5496542539921679,0.1367309709956448,0.29591303070787206,0.7978910188322937
0.14093656275224858,Agricultural,0.47435897435897434,NA,1,0.14093656275224858,Agricultural,0.5600133557344666,0.14278641471673928,0.2875468096615485,0.8134329621167639
0.14093656275224858,Natural,0.47435897435897434,NA,1,0.14093656275224858,Natural,0.4008112577921509,0.11937122053923299,0.19745140723230356,0.6515877399441667
0.14093656275224858,Urban,0.47435897435897434,NA,1,0.14093656275224858,Urban,0.5613079865204338,0.13932936442006394,0.2974267523299344,0.8119975637349286
0.15165384456495762,Agricultural,0.47435897435897434,NA,1,0.15165384456495762,Agricultural,0.5622298248412818,0.1460593973996076,0.2840930471811001,0.8183813060693295
0.15165384456495762,Natural,0.47435897435897434,NA,1,0.15165384456495762,Natural,0.39508840061242423,0.12170520081550168,0.18713253384552286,0.6484099246966325
0.15165384456495762,Urban,0.47435897435897434,NA,1,0.15165384456495762,Urban,0.5713793512891217,0.14153265253592334,0.30146541446121444,0.8249355217582591
0.16237112637766676,Agricultural,0.47435897435897434,NA,1,0.16237112637766676,Agricultural,0.5655185556252434,0.14918896108528665,0.27884591899191413,0.8245090291058834
0.16237112637766676,Natural,0.47435897435897434,NA,1,0.16237112637766676,Natural,0.3896421829576805,0.12397825536710004,0.17886345077245114,0.6482652253019896
0.16237112637766676,Urban,0.47435897435897434,NA,1,0.16237112637766676,Urban,0.5815609702298287,0.1443025115734034,0.30787550469480574,0.836148064294743
0.1730884081903759,Agricultural,0.47435897435897434,NA,1,0.1730884081903759,Agricultural,0.5681569099916051,0.15262524903025354,0.27357433884965865,0.8301112872413717
0.1730884081903759,Natural,0.47435897435897434,NA,1,0.1730884081903759,Natural,0.38410210723892424,0.12638344923636424,0.17001228705922228,0.6458783248295071
0.1730884081903759,Urban,0.47435897435897434,NA,1,0.1730884081903759,Urban,0.5927234285858051,0.1483841328094166,0.3095028421155303,0.8475324766118674
0.18380569000308494,Agricultural,0.47435897435897434,NA,1,0.18380569000308494,Agricultural,0.5703872878302099,0.15575591743094558,0.271809978190407,0.8344179205321297
0.18380569000308494,Natural,0.47435897435897434,NA,1,0.18380569000308494,Natural,0.377931172305186,0.1288466670404453,0.16146141594513624,0.6430914577273359
0.18380569000308494,Urban,0.47435897435897434,NA,1,0.18380569000308494,Urban,0.6028179269816574,0.15257761503491268,0.3098642331127078,0.8604561701227104
0.1945229718157941,Agricultural,0.47435897435897434,NA,1,0.1945229718157941,Agricultural,0.5724209437998262,0.15895757591032855,0.26727381753793167,0.8388663922548868
0.1945229718157941,Natural,0.47435897435897434,NA,1,0.1945229718157941,Natural,0.37210550679186427,0.1322710880541049,0.15444996127145574,0.6412568071290808
0.1945229718157941,Urban,0.47435897435897434,NA,1,0.1945229718157941,Urban,0.6134141909074842,0.15509634962905913,0.30833503077959246,0.8718883799206312
0.20524025362850312,Agricultural,0.47435897435897434,NA,1,0.20524025362850312,Agricultural,0.5747685994105627,0.16174320770176848,0.26410206466755864,0.844730316399478
0.20524025362850312,Natural,0.47435897435897434,NA,1,0.20524025362850312,Natural,0.3662819544265252,0.13476080400156634,0.14583889565570324,0.645234702212734
0.20524025362850312,Urban,0.47435897435897434,NA,1,0.20524025362850312,Urban,0.6240054972611726,0.1580135823112941,0.3088670691924727,0.8825580787505515
0.21595753544121227,Agricultural,0.47435897435897434,NA,1,0.21595753544121227,Agricultural,0.577951264325794,0.16508198062687882,0.2606427567174983,0.8502980946734091
0.21595753544121227,Natural,0.47435897435897434,NA,1,0.21595753544121227,Natural,0.3608411207706725,0.13733438518974067,0.1394086096723247,0.6461240440622289
0.21595753544121227,Urban,0.47435897435897434,NA,1,0.21595753544121227,Urban,0.6354942959858887,0.16073716065473173,0.30771344526026273,0.8912653452579856
0.2266748172539214,Agricultural,0.47435897435897434,NA,1,0.2266748172539214,Agricultural,0.5800663705341413,0.16881877173191065,0.25657556529209524,0.8562022623479044
0.2266748172539214,Natural,0.47435897435897434,NA,1,0.2266748172539214,Natural,0.35459758737422054,0.14001730016622396,0.13291714547890637,0.6466467936824746
0.2266748172539214,Urban,0.47435897435897434,NA,1,0.2266748172539214,Urban,0.6445783345088991,0.16397219598848947,0.3082869653763593,0.8990492167343512
0.23739209906663045,Agricultural,0.47435897435897434,NA,1,0.23739209906663045,Agricultural,0.5816804150114342,0.17237442539150227,0.254138344455719,0.8612291086938995
0.23739209906663045,Natural,0.47435897435897434,NA,1,0.23739209906663045,Natural,0.3492718438424789,0.14177943078261823,0.12575667692637194,0.6470237627632058
0.23739209906663045,Urban,0.47435897435897434,NA,1,0.23739209906663045,Urban,0.6545179235263604,0.16713182737114127,0.30923453304613924,0.9061440615133094
0.2481093808793396,Agricultural,0.47435897435897434,NA,1,0.2481093808793396,Agricultural,0.5830256792590813,0.17629676980770106,0.24959128280284126,0.8671828460308799
0.2481093808793396,Natural,0.47435897435897434,NA,1,0.2481093808793396,Natural,0.34387348221580194,0.1440232122357796,0.12048145799173873,0.647927773464879
0.2481093808793396,Urban,0.47435897435897434,NA,1,0.2481093808793396,Urban,0.6640130942465303,0.17003802282603667,0.3096327860693843,0.9148314672145126
0.2588266626920486,Agricultural,0.47435897435897434,NA,1,0.2588266626920486,Agricultural,0.5852778858388994,0.17907371419969179,0.24567019760819536,0.8729569967340514
0.2588266626920486,Natural,0.47435897435897434,NA,1,0.2588266626920486,Natural,0.3383338914711824,0.14703586195160073,0.11375763448320739,0.6493914428984371
0.2588266626920486,Urban,0.47435897435897434,NA,1,0.2588266626920486,Urban,0.6728778479090816,0.17218814893912524,0.31243216991833295,0.922091326468708
0.26954394450475777,Agricultural,0.47435897435897434,NA,1,0.26954394450475777,Agricultural,0.5882293205286948,0.18272155365323975,0.242602516554027,0.8784840981073115
0.26954394450475777,Natural,0.47435897435897434,NA,1,0.26954394450475777,Natural,0.3327997434011988,0.14843916638014387,0.10794355964173341,0.651800638446654
0.26954394450475777,Urban,0.47435897435897434,NA,1,0.26954394450475777,Urban,0.6821795064878764,0.17470657138409887,0.3127359370516839,0.92928275072517
0.2802612263174669,Agricultural,0.47435897435897434,NA,1,0.2802612263174669,Agricultural,0.5904476772186809,0.18628686061401648,0.23718405863240588,0.8832926235783305
0.2802612263174669,Natural,0.47435897435897434,NA,1,0.2802612263174669,Natural,0.3273051899706425,0.15048676727750188,0.1025823599172117,0.6518214605203513
0.2802612263174669,Urban,0.47435897435897434,NA,1,0.2802612263174669,Urban,0.6912252062420775,0.17650191996725387,0.3138254132703487,0.9351571387049701
0.29097850813017595,Agricultural,0.47435897435897434,NA,1,0.29097850813017595,Agricultural,0.5930084742534474,0.1901915950926646,0.23260778392282347,0.8884125875302437
0.29097850813017595,Natural,0.47435897435897434,NA,1,0.29097850813017595,Natural,0.3218494068322456,0.1529480807048516,0.09683762024243892,0.6520813023817327
0.29097850813017595,Urban,0.47435897435897434,NA,1,0.29097850813017595,Urban,0.7008399205001214,0.1779772688589438,0.3116290014667509,0.9409772964253507
0.3016957899428851,Agricultural,0.47435897435897434,NA,1,0.3016957899428851,Agricultural,0.5952324784406053,0.19445907333029216,0.22801786265004265,0.8933362145653296
0.3016957899428851,Natural,0.47435897435897434,NA,1,0.3016957899428851,Natural,0.3158731563140722,0.15466761861679512,0.09173108460585058,0.652244126383897
0.3016957899428851,Urban,0.47435897435897434,NA,1,0.3016957899428851,Urban,0.7099818065844384,0.17882246891629916,0.31208567280875027,0.9461951887693248
0.31241307175559413,Agricultural,0.47435897435897434,NA,1,0.31241307175559413,Agricultural,0.596084757773482,0.1975379851369178,0.22390318086556435,0.8973607938910023
0.31241307175559413,Natural,0.47435897435897434,NA,1,0.31241307175559413,Natural,0.31049888121139796,0.15606747197545015,0.08620751153868765,0.6543377805913947
0.31241307175559413,Urban,0.47435897435897434,NA,1,0.31241307175559413,Urban,0.7180467210910196,0.1806464147716062,0.31247711916734267,0.9511718782191481
0.3231303535683033,Agricultural,0.47435897435897434,NA,1,0.3231303535683033,Agricultural,0.5978980507887564,0.20027368976070448,0.2205876895755958,0.9021384623899894
0.3231303535683033,Natural,0.47435897435897434,NA,1,0.3231303535683033,Natural,0.30515117340142583,0.15810796603303992,0.08121023165563199,0.657588779166401
0.3231303535683033,Urban,0.47435897435897434,NA,1,0.3231303535683033,Urban,0.7266250128916671,0.18152849996731904,0.3134640140624933,0.9551700779157992
0.3338476353810124,Agricultural,0.47435897435897434,NA,1,0.3338476353810124,Agricultural,0.5991290382275225,0.20481908424074033,0.21662129809796732,0.9067106898581646
0.3338476353810124,Natural,0.47435897435897434,NA,1,0.3338476353810124,Natural,0.2996261916682026,0.15982915543003523,0.07655392218493412,0.6606572820772586
0.3338476353810124,Urban,0.47435897435897434,NA,1,0.3338476353810124,Urban,0.7346229068068912,0.18242058435151953,0.3131324397897723,0.9591578065281153
0.34456491719372145,Agricultural,0.47435897435897434,NA,1,0.34456491719372145,Agricultural,0.6015279665221069,0.2078527279403393,0.2135675036763796,0.9114636473922594
0.34456491719372145,Natural,0.47435897435897434,NA,1,0.34456491719372145,Natural,0.2944828053560668,0.1617943833348364,0.07213270608514408,0.6617428206115982
0.34456491719372145,Urban,0.47435897435897434,NA,1,0.34456491719372145,Urban,0.7426468168235691,0.18257970512319152,0.31383031548847096,0.9627072887162424
0.3552821990064306,Agricultural,0.47435897435897434,NA,1,0.3552821990064306,Agricultural,0.6031605700115914,0.21184134110803154,0.20982950410682905,0.9150655229444667
0.3552821990064306,Natural,0.47435897435897434,NA,1,0.3552821990064306,Natural,0.2892515762555802,0.16307376158843315,0.06820386713067757,0.6610927314022325
0.3552821990064306,Urban,0.47435897435897434,NA,1,0.3552821990064306,Urban,0.7505325326629559,0.18245206170773243,0.3136438455559738,0.9661116767054263
0.36599948081913974,Agricultural,0.47435897435897434,NA,1,0.36599948081913974,Agricultural,0.605020694879314,0.21490952074622335,0.20711818564682674,0.9190814696105485
0.36599948081913974,Natural,0.47435897435897434,NA,1,0.36599948081913974,Natural,0.28447133900220845,0.1649464168474748,0.06413162410687052,0.6604670842836188
0.36599948081913974,Urban,0.47435897435897434,NA,1,0.36599948081913974,Urban,0.7588956542816743,0.1819715671120649,0.31358013654133016,0.9693896019820053
0.3767167626318488,Agricultural,0.47435897435897434,NA,1,0.3767167626318488,Agricultural,0.6071032023779832,0.21883142216636622,0.2022413542104385,0.9230807312863148
0.3767167626318488,Natural,0.47435897435897434,NA,1,0.3767167626318488,Natural,0.27891149795726433,0.16582475449154085,0.06036729140924964,0.659008019436365
0.3767167626318488,Urban,0.47435897435897434,NA,1,0.3767167626318488,Urban,0.7663717269208525,0.18053081966563217,0.31076744933861605,0.9723547255065748
0.3874340444445579,Agricultural,0.47435897435897434,NA,1,0.3874340444445579,Agricultural,0.6092458952818737,0.22217369470078502,0.19780638968716346,0.9267126028608506
0.3874340444445579,Natural,0.47435897435897434,NA,1,0.3874340444445579,Natural,0.2750033728069228,0.16687552709649664,0.05651794411232048,0.6629497851495709
0.3874340444445579,Urban,0.47435897435897434,NA,1,0.3874340444445579,Urban,0.7745352809643395,0.17943849388693003,0.3097283093970093,0.975040021738164
0.39815132625726696,Agricultural,0.47435897435897434,NA,1,0.39815132625726696,Agricultural,0.61111586967566,0.22585058467414204,0.19525750818584742,0.9300075357026414
0.39815132625726696,Natural,0.47435897435897434,NA,1,0.39815132625726696,Natural,0.2697452383396939,0.16747390859356967,0.05298680687781736,0.6638753102673484
0.39815132625726696,Urban,0.47435897435897434,NA,1,0.39815132625726696,Urban,0.7817974460623729,0.1781308432616544,0.3085382814354813,0.9774045269903977
0.4088686080699761,Agricultural,0.47435897435897434,NA,1,0.4088686080699761,Agricultural,0.6140771176023898,0.22903600584860323,0.1890614142764248,0.9333353191990844
0.4088686080699761,Natural,0.47435897435897434,NA,1,0.4088686080699761,Natural,0.26407006348515044,0.16810731888870525,0.04976185791453749,0.6640787874685824
0.4088686080699761,Urban,0.47435897435897434,NA,1,0.4088686080699761,Urban,0.7887769712611301,0.17700080306231475,0.30900897963588025,0.9790399906016499
0.41958588988268525,Agricultural,0.47435897435897434,NA,1,0.41958588988268525,Agricultural,0.6160388892655821,0.23182600264173706,0.18409313006129344,0.9359824521869383
0.41958588988268525,Natural,0.47435897435897434,NA,1,0.41958588988268525,Natural,0.259046627227397,0.1694675645857812,0.04663481195722737,0.665272813717823
0.41958588988268525,Urban,0.47435897435897434,NA,1,0.41958588988268525,Urban,0.7952890567426234,0.17623446367076223,0.30960652560044155,0.9810287352061767
0.4303031716953943,Agricultural,0.47435897435897434,NA,1,0.4303031716953943,Agricultural,0.6186641644445219,0.23524075148621962,0.18004906236170362,0.9391559429955186
0.4303031716953943,Natural,0.47435897435897434,NA,1,0.4303031716953943,Natural,0.2541116467579374,0.16988939080263277,0.043840659146447546,0.6669986225295044
0.4303031716953943,Urban,0.47435897435897434,NA,1,0.4303031716953943,Urban,0.8019543925813115,0.17542889833198938,0.31185997098394924,0.982931620234248
0.4410204535081034,Agricultural,0.47435897435897434,NA,1,0.4410204535081034,Agricultural,0.6215198260248028,0.239077324121405,0.17604757936370916,0.9421784417074479
0.4410204535081034,Natural,0.47435897435897434,NA,1,0.4410204535081034,Natural,0.24921737971285848,0.17120041056326962,0.0407145590484135,0.6670905703857314
0.4410204535081034,Urban,0.47435897435897434,NA,1,0.4410204535081034,Urban,0.8087600015514427,0.1732962319178629,0.31152305319326057,0.9846479179088724
0.45173773532081246,Agricultural,0.47435897435897434,NA,1,0.45173773532081246,Agricultural,0.6233508198528438,0.24200896398265867,0.17153185171837435,0.9450891944078175
0.45173773532081246,Natural,0.47435897435897434,NA,1,0.45173773532081246,Natural,0.24448499434691978,0.17218870315145524,0.038200498304607707,0.6677808968768524
0.45173773532081246,Urban,0.47435897435897434,NA,1,0.45173773532081246,Urban,0.8153161853819642,0.17179742341889837,0.31153064857787605,0.9859826816804493
0.4624550171335216,Agricultural,0.47435897435897434,NA,1,0.4624550171335216,Agricultural,0.6255099111551761,0.24562028296632288,0.1671511452324213,0.9476778540449957
0.4624550171335216,Natural,0.47435897435897434,NA,1,0.4624550171335216,Natural,0.24031494112914176,0.17278786133236046,0.035835880885599025,0.6703747497379794
0.4624550171335216,Urban,0.47435897435897434,NA,1,0.4624550171335216,Urban,0.8207407121898901,0.1703884872354902,0.31315995629368065,0.9873754269826062
0.47317229894623075,Agricultural,0.47435897435897434,NA,1,0.47317229894623075,Agricultural,0.6287467004514824,0.24866952210794907,0.16350762380783024,0.9501509132482873
0.47317229894623075,Natural,0.47435897435897434,NA,1,0.47317229894623075,Natural,0.23558234863248032,0.17241507885251728,0.03343759765832969,0.672949304928805
0.47317229894623075,Urban,0.47435897435897434,NA,1,0.47317229894623075,Urban,0.8262416898688261,0.16869764930751596,0.3121872258467205,0.9886342042843153
0.4838895807589398,Agricultural,0.47435897435897434,NA,1,0.4838895807589398,Agricultural,0.6311793321539514,0.2512864428112589,0.15980332683600068,0.9525129379466841
0.4838895807589398,Natural,0.47435897435897434,NA,1,0.4838895807589398,Natural,0.23095056078906256,0.17285171133784857,0.03129938494885333,0.6748126862988548
0.4838895807589398,Urban,0.47435897435897434,NA,1,0.4838895807589398,Urban,0.8320853875173624,0.16635444847034822,0.31228211881887036,0.989658488790305
0.49460686257164893,Agricultural,0.47435897435897434,NA,1,0.49460686257164893,Agricultural,0.6332020915394505,0.25531544678204793,0.1555137403417,0.9549926512846636
0.49460686257164893,Natural,0.47435897435897434,NA,1,0.49460686257164893,Natural,0.22583179484601112,0.17223575033713084,0.029317114250899248,0.6758451672856715
0.49460686257164893,Urban,0.47435897435897434,NA,1,0.49460686257164893,Urban,0.8380637634153646,0.16343515361185795,0.31091674398439734,0.9905381891260665
0.5053241443843579,Agricultural,0.47435897435897434,NA,1,0.5053241443843579,Agricultural,0.6359613830253887,0.2577819463239048,0.15173788224668272,0.9575447490127528
0.5053241443843579,Natural,0.47435897435897434,NA,1,0.5053241443843579,Natural,0.22139044238757372,0.17237760250428766,0.02748835197072854,0.6770281926168545
0.5053241443843579,Urban,0.47435897435897434,NA,1,0.5053241443843579,Urban,0.8435865994966976,0.16061561105000616,0.30921802469149035,0.9914045868326394
0.5160414261970672,Agricultural,0.47435897435897434,NA,1,0.5160414261970672,Agricultural,0.6384883269003019,0.2610642311456461,0.147103728427091,0.9597760088694715
0.5160414261970672,Natural,0.47435897435897434,NA,1,0.5160414261970672,Natural,0.21674139103168238,0.17190798467473,0.025550168750967005,0.680216712964816
0.5160414261970672,Urban,0.47435897435897434,NA,1,0.5160414261970672,Urban,0.8489812725660875,0.15785244803959259,0.3081898010470963,0.992226880527192
0.5267587080097762,Agricultural,0.47435897435897434,NA,1,0.5267587080097762,Agricultural,0.6406218354390485,0.2644176591665528,0.1434937142885889,0.9617366455933213
0.5267587080097762,Natural,0.47435897435897434,NA,1,0.5267587080097762,Natural,0.2125189576900366,0.17157213884695655,0.023901417241530713,0.6856868728786757
0.5267587080097762,Urban,0.47435897435897434,NA,1,0.5267587080097762,Urban,0.8548337050898271,0.15434778107621036,0.3060524630539785,0.9929871001313719
0.5374759898224855,Agricultural,0.47435897435897434,NA,1,0.5374759898224855,Agricultural,0.6423970881544437,0.26794450335375014,0.13915581642770974,0.963680223786944
0.5374759898224855,Natural,0.47435897435897434,NA,1,0.5374759898224855,Natural,0.20875080301163002,0.17127857028883173,0.022398660665166544,0.6875758002560846
0.5374759898224855,Urban,0.47435897435897434,NA,1,0.5374759898224855,Urban,0.8601887181705732,0.1511468937899038,0.30404314802197163,0.9937171419595991
0.5481932716351945,Agricultural,0.47435897435897434,NA,1,0.5481932716351945,Agricultural,0.6444626129302274,0.2707264710166184,0.1354387115646946,0.9655282197022698
0.5481932716351945,Natural,0.47435897435897434,NA,1,0.5481932716351945,Natural,0.20424594063493223,0.17083735358170904,0.020913098915985147,0.6898675791085954
0.5481932716351945,Urban,0.47435897435897434,NA,1,0.5481932716351945,Urban,0.8652582217321667,0.14754746443901148,0.3023148312015913,0.99434231106724
0.5589105534479035,Agricultural,0.47435897435897434,NA,1,0.5589105534479035,Agricultural,0.6472062597816514,0.27409011335974726,0.13250483025427398,0.9672885062398573
0.5589105534479035,Natural,0.47435897435897434,NA,1,0.5589105534479035,Natural,0.20020902867691304,0.1711463803391217,0.019480472038404563,0.692742102146154
0.5589105534479035,Urban,0.47435897435897434,NA,1,0.5589105534479035,Urban,0.8702171021436262,0.14409439198090246,0.30159649321676024,0.9948636556317162
0.5696278352606128,Agricultural,0.47435897435897434,NA,1,0.5696278352606128,Agricultural,0.6491458566203112,0.2763772507459349,0.12992518755917185,0.9690128364507764
0.5696278352606128,Natural,0.47435897435897434,NA,1,0.5696278352606128,Natural,0.19613857098081094,0.17103229013256746,0.0182842399150307,0.6956689927755048
0.5696278352606128,Urban,0.47435897435897434,NA,1,0.5696278352606128,Urban,0.8747644383125088,0.14093989319530503,0.3012391835191344,0.9953394615481642
0.5803451170733218,Agricultural,0.47435897435897434,NA,1,0.5803451170733218,Agricultural,0.6512458173384653,0.279260883881914,0.12717866398087807,0.9707287718207561
0.5803451170733218,Natural,0.47435897435897434,NA,1,0.5803451170733218,Natural,0.19205734870382546,0.17018919898831739,0.017103980193336147,0.6981554069307819
0.5803451170733218,Urban,0.47435897435897434,NA,1,0.5803451170733218,Urban,0.8792794706760416,0.13810588807868207,0.3003066833100266,0.9957848070852964
0.5910623988860307,Agricultural,0.47435897435897434,NA,1,0.5910623988860307,Agricultural,0.6533795140551915,0.2831219057251582,0.12400172886200578,0.9720647771704539
0.5910623988860307,Natural,0.47435897435897434,NA,1,0.5910623988860307,Natural,0.18757227009433886,0.16880741522133058,0.015993119964506246,0.6977765511659301
0.5910623988860307,Urban,0.47435897435897434,NA,1,0.5910623988860307,Urban,0.8834722980362726,0.13489159642122792,0.298448541144945,0.9961873767561418
