Species,Brain.weight,IT,log_brain_weight,log_it,residuals,Habitat,Preference,brain_it
Andrena_angustior,0.4063333333333333,1.7973333333333332,-0.9005814381689753,0.5863040849418961,-0.24502170915062277,Urban,0.0829,0.22607566765578635
Andrena_barbilabris,0.983,2.28,-0.01714615883497051,0.8241754429663494,0.13558097773332828,Urban,0.3307,0.431140350877193
Andrena_bicolor,0.7025,2.205,-0.3531098777742362,0.7907275088988094,-0.09334910306930874,Urban,4e-4,0.31859410430839
Andrena_carantonica,1.8105,2.775,0.5936030502235589,1.020650747198398,0.3633499435332877,Urban,0.0966,0.6524324324324324
Andrena_chrysosceles,0.831,1.8525,-0.18512548412668892,0.616536078188105,0.3050106508973189,Urban,0.0036,0.448582995951417
Andrena_cineraria,1.6334,2.724,0.4906637319420382,1.0021013882872658,0.30169171032014264,Urban,0.8011,0.5996328928046989
Andrena_dorsata,0.7176,2.262,-0.33184296823755066,0.8162493776939287,-0.11642044107141918,Urban,0.4099,0.31724137931034485
Andrena_flavipes,1.1796666666666666,2.572111111111111,0.16523191269521662,0.9447270057187496,0.11031517853267066,Urban,0.9998,0.4586375221391853
Andrena_fucata,0.7010000000000001,2.66,-0.35524739194754684,0.9783261227936078,-0.37245716463072787,Urban,3e-4,0.2635338345864662
Andrena_fulva,1.5913333333333333,2.76,0.46457223924852864,1.0152306797290584,0.2606233889630356,Urban,0.2868,0.5765700483091788
Andrena_gravida,1.59425,2.635,0.46640340621324394,0.9688831819933256,0.3280515474327289,Urban,0.1829,0.6050284629981025
Andrena_haemorrhoa,1.1656,2.436,0.153235975898858,0.8903573498476506,0.1875345711469896,Urban,2e-4,0.47848932676518885
Andrena_labiata,0.5800000000000001,2.2333333333333334,-0.5447271754416719,0.8034952377288107,-0.27593054950614687,Urban,0.0012,0.25970149253731345
Andrena_nigroaenea,1.7126666666666666,3.5733333333333333,0.5380516100195821,1.2734988669745462,-0.06202004931682751,Urban,0.2232,0.4792910447761194
Andrena_nitida,1.9736,2.808,0.67985928623301,1.0324724861635646,0.4144385379353791,Urban,0.8942,0.7028490028490029
Andrena_ovatula,0.7463333333333333,2.693333333333334,-0.29258295105149196,0.9907795838648944,-0.3426140466001896,Urban,0.0017,0.2771039603960395
Andrena_pilipes,1.4571428571428573,2.9064285714285716,0.3764775712349122,1.06692503239834,0.10490020441434054,Urban,0.9816,0.5013516834603097
Andrena_semilaevis,0.277,1.575,-1.2837377727947985,0.4542552722775964,-0.3740480017904218,Urban,4e-4,0.1758730158730159
Andrena_subopaca,0.3433333333333333,1.846666666666667,-1.0690534864265653,0.6133822120910828,-0.4299303829727644,Urban,1e-4,0.1859205776173285
Andrena_tibialis,1.6475,3.27,0.4992589873945252,1.184789984909162,0.03645612676133352,Urban,0.0479,0.503822629969419
Andrena_wilkella,1.01025,2.286,0.01019782497644587,0.8268035653726189,0.1613888082576362,Urban,0.0068,0.44192913385826776
Anthidium_manicatum,2.3458,3.6718,0.8526264951052677,1.3006820050439682,0.07822036690053863,Urban,0.8368,0.6388692194563974
Anthidium_oblongatum,1.752571428571429,3.071857142857143,0.5610840971966918,1.1222823112279383,0.09967175907810392,Urban,0.9182,0.5705250430172535
Anthophora_bimaculata,1.48,2.82,0.3920420877760237,1.0367368849500225,-0.02163130617873527,Urban,0.8868,0.524822695035461
Anthophora_plumipes,3.752,3.993,1.3222890311439781,1.3845428280810843,0.2688374901863149,Urban,0.0954,0.9396443776609066
Anthophora_quadrimaculata,2.2225,3.86,0.7986326884059226,1.3506671834767396,-0.15950039399052005,Urban,0.5844,0.5757772020725389
Anthophora_retusa,2.096,3.923,0.7400307664587957,1.3668566672274156,-0.23970060193149853,Urban,0.0131,0.5342849859801173
Bombus_hypnorum,2.29,3.37,0.8285518175661483,1.2149127443642704,0.17669611034836974,Urban,1,0.6795252225519288
Bombus_jonellus,2.3005,4.0175,0.8331264906133863,1.3906598186295307,-0.08580893025971499,Urban,0.011,0.5726197884256379
Bombus_lucorum,2.4,4.861,0.8754687373538999,1.5812441780633184,-0.34780338396087723,Urban,0.406,0.4937255708701913
Bombus_muscorum,2.1822222222222223,3.8116666666666665,0.7803437255901005,1.3380665388066348,-0.04937252917550655,Urban,0,0.5725112957294856
Bombus_pascuorum,2.4040909090909093,3.697909090909091,0.8771718317195728,1.3077675493499112,0.07781150717483651,Urban,0.9828,0.6501216903901468
Bombus_pratorum,2.0264166666666665,3.58775,0.7062690444379218,1.2775252650689042,-0.02674811965927035,Urban,0.9909,0.5648154600144007
Bombus_terrestris,3.052811320754717,4.228792452830189,1.1160629105834547,1.4419164801590942,0.07914085948498883,Urban,0.4299,0.7219108894104209
Bombus_vestalis,2.341,3.57,0.8505781885087738,1.2725655957915476,0.10842683996286862,Urban,0.0378,0.6557422969187676
Dasypoda_hirtipes,0.47,2.957,-0.7550225842780328,1.08417524087034,-0.7797648683251149,Urban,0.4959,0.1589448765640852
Halictus_confusus,0.4184000000000001,1.7855,-0.8713173662314238,0.5796984880523661,-0.18680541904114323,Urban,0.6868,0.23433211985438257
Halictus_quadricinctus,1.55,2.895,0.4382549309311553,1.0629851110249586,0.2451628502032572,Urban,0.9126,0.5354058721934369
Halictus_rubicundus,0.83875,2.313875,-0.1758425906962455,0.8389236082977121,0.03629616882591752,Urban,0,0.36248716979093515
Lasioglossum_calceatum,0.6563333333333333,1.8916666666666664,-0.4210864890111212,0.6374582746993567,0.15956523085584493,Urban,0.0063,0.3469603524229075
Lasioglossum_fulvicorne,0.3,1.26,-1.203972804325936,0.23111172096338664,0.10162578000715734,Urban,0.0189,0.23809523809523808
Lasioglossum_leucozonium,0.48,2.216666666666667,-0.7339691750802003,0.7960045659996531,-0.4000668989796644,Urban,0.0548,0.21654135338345862
Lasioglossum_malachurum,0.4247777777777778,1.4346666666666668,-0.8561891226219436,0.36093253419137367,0.2087196536412525,Urban,0.0149,0.2960811648079306
Lasioglossum_punctatissimum,0.29775,1.5625,-1.2115010707467275,0.44628710262841953,-0.26933529721326627,Urban,1,0.19056
Lasioglossum_sexnotatum,0.8176666666666667,2.56,-0.20130052339175747,0.9400072584914712,-0.1377349050856521,Urban,0.6526,0.31940104166666666
Lasioglossum_sexstrigatum,0.231,1.26,-1.4653375684603434,0.23111172096338664,-0.14761990666695152,Urban,0.9346,0.18333333333333335
Lasioglossum_zonulum,0.657,2.285,-0.4200712604975265,0.8263660243461681,-0.15805089403382344,Urban,0.0183,0.287527352297593
Megachile_centuncularis,1.3815,3.329875,0.32316986538133413,1.2029347657502638,-0.2141017481834687,Urban,0,0.41488043845489697
Megachile_rotundata,1.391,3.1667,0.33002291294130587,1.1526900361987735,-0.1253687240505467,Urban,0.5442,0.43925853412069343
Megachile_willughbiella,1.966,3.694,0.6760010217249748,1.3067098817770482,-0.05745914515124614,Urban,0.9669,0.5322144017325392
Nomada_succincta,1.34,2.057,0.29266961396282004,0.7212486106708201,0.41162616924912815,Urban,0.1297,0.6514341273699563
Osmia_caerulescens,0.704421052631579,2.139894736842105,-0.35037901548191763,0.7607566394324319,-0.06237338865730275,Urban,0.9828,0.3291849082591372
Osmia_cornuta,1.7993932584269663,3.410741573033708,0.5874495294266552,1.226929737750093,0.05007456051688005,Urban,1,0.5275665775013506
Osmia_leaiana,1.1025,2.7655,0.09758032833886404,1.0172214504525956,-0.06638615979117782,Urban,0.2114,0.3986620864219852
Panurgus_banksianus,1.63,2.379,0.4885800148186709,0.8666802313208206,0.46907699357890525,Urban,0.0807,0.6851618327028163
Panurgus_calcaratus,0.53,1.646375,-0.6348782724359695,0.4985759013370734,0.05280540117393288,Urban,0.0053,0.3219193683091641
Stelis_breviuscula,0.4433333333333333,1.965666666666667,-0.8134333464344473,0.6758314583502574,-0.4287578275697373,Urban,0.0262,0.22553840936069183
Xylocopa_violacea,6.777666666666667,5.911111111111111,1.913632893260095,1.7768338190113793,0.267494399807087,Urban,0,1.1465977443609021
Andrena_angustior,0.4063333333333333,1.7973333333333332,-0.9005814381689753,0.5863040849418961,-0.24502170915062277,Natural,1,0.22607566765578635
Andrena_barbilabris,0.983,2.28,-0.01714615883497051,0.8241754429663494,0.13558097773332828,Natural,1,0.431140350877193
Andrena_bicolor,0.7025,2.205,-0.3531098777742362,0.7907275088988094,-0.09334910306930874,Natural,0.0707,0.31859410430839
Andrena_carantonica,1.8105,2.775,0.5936030502235589,1.020650747198398,0.3633499435332877,Natural,0.0028,0.6524324324324324
Andrena_chrysosceles,0.831,1.8525,-0.18512548412668892,0.616536078188105,0.3050106508973189,Natural,0.7422,0.448582995951417
Andrena_cineraria,1.6334,2.724,0.4906637319420382,1.0021013882872658,0.30169171032014264,Natural,0.9727,0.5996328928046989
Andrena_dorsata,0.7176,2.262,-0.33184296823755066,0.8162493776939287,-0.11642044107141918,Natural,0.7939,0.31724137931034485
Andrena_flavipes,1.1796666666666666,2.572111111111111,0.16523191269521662,0.9447270057187496,0.11031517853267066,Natural,0,0.4586375221391853
Andrena_fucata,0.7010000000000001,2.66,-0.35524739194754684,0.9783261227936078,-0.37245716463072787,Natural,1,0.2635338345864662
Andrena_fulva,1.5913333333333333,2.76,0.46457223924852864,1.0152306797290584,0.2606233889630356,Natural,0,0.5765700483091788
Andrena_gravida,1.59425,2.635,0.46640340621324394,0.9688831819933256,0.3280515474327289,Natural,0.0401,0.6050284629981025
Andrena_haemorrhoa,1.1656,2.436,0.153235975898858,0.8903573498476506,0.1875345711469896,Natural,0.8697,0.47848932676518885
Andrena_labiata,0.5800000000000001,2.2333333333333334,-0.5447271754416719,0.8034952377288107,-0.27593054950614687,Natural,0.0022,0.25970149253731345
Andrena_nigroaenea,1.7126666666666666,3.5733333333333333,0.5380516100195821,1.2734988669745462,-0.06202004931682751,Natural,6e-4,0.4792910447761194
Andrena_nitida,1.9736,2.808,0.67985928623301,1.0324724861635646,0.4144385379353791,Natural,0.0044,0.7028490028490029
Andrena_ovatula,0.7463333333333333,2.693333333333334,-0.29258295105149196,0.9907795838648944,-0.3426140466001896,Natural,1,0.2771039603960395
Andrena_pilipes,1.4571428571428573,2.9064285714285716,0.3764775712349122,1.06692503239834,0.10490020441434054,Natural,0.4129,0.5013516834603097
Andrena_semilaevis,0.277,1.575,-1.2837377727947985,0.4542552722775964,-0.3740480017904218,Natural,1,0.1758730158730159
Andrena_subopaca,0.3433333333333333,1.846666666666667,-1.0690534864265653,0.6133822120910828,-0.4299303829727644,Natural,1,0.1859205776173285
Andrena_tibialis,1.6475,3.27,0.4992589873945252,1.184789984909162,0.03645612676133352,Natural,0,0.503822629969419
Andrena_wilkella,1.01025,2.286,0.01019782497644587,0.8268035653726189,0.1613888082576362,Natural,1,0.44192913385826776
Anthidium_manicatum,2.3458,3.6718,0.8526264951052677,1.3006820050439682,0.07822036690053863,Natural,0,0.6388692194563974
Anthidium_oblongatum,1.752571428571429,3.071857142857143,0.5610840971966918,1.1222823112279383,0.09967175907810392,Natural,0.6541,0.5705250430172535
Anthophora_bimaculata,1.48,2.82,0.3920420877760237,1.0367368849500225,-0.02163130617873527,Natural,1,0.524822695035461
Anthophora_plumipes,3.752,3.993,1.3222890311439781,1.3845428280810843,0.2688374901863149,Natural,0,0.9396443776609066
Anthophora_quadrimaculata,2.2225,3.86,0.7986326884059226,1.3506671834767396,-0.15950039399052005,Natural,0,0.5757772020725389
Anthophora_retusa,2.096,3.923,0.7400307664587957,1.3668566672274156,-0.23970060193149853,Natural,0.9903,0.5342849859801173
Bombus_hypnorum,2.29,3.37,0.8285518175661483,1.2149127443642704,0.17669611034836974,Natural,0,0.6795252225519288
Bombus_jonellus,2.3005,4.0175,0.8331264906133863,1.3906598186295307,-0.08580893025971499,Natural,1,0.5726197884256379
Bombus_lucorum,2.4,4.861,0.8754687373538999,1.5812441780633184,-0.34780338396087723,Natural,1,0.4937255708701913
Bombus_muscorum,2.1822222222222223,3.8116666666666665,0.7803437255901005,1.3380665388066348,-0.04937252917550655,Natural,0.9987,0.5725112957294856
Bombus_pascuorum,2.4040909090909093,3.697909090909091,0.8771718317195728,1.3077675493499112,0.07781150717483651,Natural,1,0.6501216903901468
Bombus_pratorum,2.0264166666666665,3.58775,0.7062690444379218,1.2775252650689042,-0.02674811965927035,Natural,0.9831,0.5648154600144007
Bombus_terrestris,3.052811320754717,4.228792452830189,1.1160629105834547,1.4419164801590942,0.07914085948498883,Natural,0.6245,0.7219108894104209
Bombus_vestalis,2.341,3.57,0.8505781885087738,1.2725655957915476,0.10842683996286862,Natural,1,0.6557422969187676
Dasypoda_hirtipes,0.47,2.957,-0.7550225842780328,1.08417524087034,-0.7797648683251149,Natural,1,0.1589448765640852
Halictus_confusus,0.4184000000000001,1.7855,-0.8713173662314238,0.5796984880523661,-0.18680541904114323,Natural,1,0.23433211985438257
Halictus_quadricinctus,1.55,2.895,0.4382549309311553,1.0629851110249586,0.2451628502032572,Natural,0.4463,0.5354058721934369
Halictus_rubicundus,0.83875,2.313875,-0.1758425906962455,0.8389236082977121,0.03629616882591752,Natural,1,0.36248716979093515
Lasioglossum_calceatum,0.6563333333333333,1.8916666666666664,-0.4210864890111212,0.6374582746993567,0.15956523085584493,Natural,1,0.3469603524229075
Lasioglossum_fulvicorne,0.3,1.26,-1.203972804325936,0.23111172096338664,0.10162578000715734,Natural,1,0.23809523809523808
Lasioglossum_leucozonium,0.48,2.216666666666667,-0.7339691750802003,0.7960045659996531,-0.4000668989796644,Natural,1,0.21654135338345862
Lasioglossum_malachurum,0.4247777777777778,1.4346666666666668,-0.8561891226219436,0.36093253419137367,0.2087196536412525,Natural,0.1557,0.2960811648079306
Lasioglossum_punctatissimum,0.29775,1.5625,-1.2115010707467275,0.44628710262841953,-0.26933529721326627,Natural,1,0.19056
Lasioglossum_sexnotatum,0.8176666666666667,2.56,-0.20130052339175747,0.9400072584914712,-0.1377349050856521,Natural,0.9622,0.31940104166666666
Lasioglossum_sexstrigatum,0.231,1.26,-1.4653375684603434,0.23111172096338664,-0.14761990666695152,Natural,1,0.18333333333333335
Lasioglossum_zonulum,0.657,2.285,-0.4200712604975265,0.8263660243461681,-0.15805089403382344,Natural,1,0.287527352297593
Megachile_centuncularis,1.3815,3.329875,0.32316986538133413,1.2029347657502638,-0.2141017481834687,Natural,0,0.41488043845489697
Megachile_rotundata,1.391,3.1667,0.33002291294130587,1.1526900361987735,-0.1253687240505467,Natural,1e-4,0.43925853412069343
Megachile_willughbiella,1.966,3.694,0.6760010217249748,1.3067098817770482,-0.05745914515124614,Natural,0.0262,0.5322144017325392
Nomada_succincta,1.34,2.057,0.29266961396282004,0.7212486106708201,0.41162616924912815,Natural,1,0.6514341273699563
Osmia_caerulescens,0.704421052631579,2.139894736842105,-0.35037901548191763,0.7607566394324319,-0.06237338865730275,Natural,0,0.3291849082591372
Osmia_cornuta,1.7993932584269663,3.410741573033708,0.5874495294266552,1.226929737750093,0.05007456051688005,Natural,0,0.5275665775013506
Osmia_leaiana,1.1025,2.7655,0.09758032833886404,1.0172214504525956,-0.06638615979117782,Natural,0,0.3986620864219852
Panurgus_banksianus,1.63,2.379,0.4885800148186709,0.8666802313208206,0.46907699357890525,Natural,1,0.6851618327028163
Panurgus_calcaratus,0.53,1.646375,-0.6348782724359695,0.4985759013370734,0.05280540117393288,Natural,0.9989,0.3219193683091641
Stelis_breviuscula,0.4433333333333333,1.965666666666667,-0.8134333464344473,0.6758314583502574,-0.4287578275697373,Natural,5e-4,0.22553840936069183
Xylocopa_violacea,6.777666666666667,5.911111111111111,1.913632893260095,1.7768338190113793,0.267494399807087,Natural,0,1.1465977443609021
Andrena_angustior,0.4063333333333333,1.7973333333333332,-0.9005814381689753,0.5863040849418961,-0.24502170915062277,Agricultural,0.9579,0.22607566765578635
Andrena_barbilabris,0.983,2.28,-0.01714615883497051,0.8241754429663494,0.13558097773332828,Agricultural,0.4422,0.431140350877193
Andrena_bicolor,0.7025,2.205,-0.3531098777742362,0.7907275088988094,-0.09334910306930874,Agricultural,0.9998,0.31859410430839
Andrena_carantonica,1.8105,2.775,0.5936030502235589,1.020650747198398,0.3633499435332877,Agricultural,1,0.6524324324324324
Andrena_chrysosceles,0.831,1.8525,-0.18512548412668892,0.616536078188105,0.3050106508973189,Agricultural,1,0.448582995951417
Andrena_cineraria,1.6334,2.724,0.4906637319420382,1.0021013882872658,0.30169171032014264,Agricultural,0.9982,0.5996328928046989
Andrena_dorsata,0.7176,2.262,-0.33184296823755066,0.8162493776939287,-0.11642044107141918,Agricultural,1,0.31724137931034485
Andrena_flavipes,1.1796666666666666,2.572111111111111,0.16523191269521662,0.9447270057187496,0.11031517853267066,Agricultural,1,0.4586375221391853
Andrena_fucata,0.7010000000000001,2.66,-0.35524739194754684,0.9783261227936078,-0.37245716463072787,Agricultural,0.0999,0.2635338345864662
Andrena_fulva,1.5913333333333333,2.76,0.46457223924852864,1.0152306797290584,0.2606233889630356,Agricultural,0.0685,0.5765700483091788
Andrena_gravida,1.59425,2.635,0.46640340621324394,0.9688831819933256,0.3280515474327289,Agricultural,0.9999,0.6050284629981025
Andrena_haemorrhoa,1.1656,2.436,0.153235975898858,0.8903573498476506,0.1875345711469896,Agricultural,1,0.47848932676518885
Andrena_labiata,0.5800000000000001,2.2333333333333334,-0.5447271754416719,0.8034952377288107,-0.27593054950614687,Agricultural,1,0.25970149253731345
Andrena_nigroaenea,1.7126666666666666,3.5733333333333333,0.5380516100195821,1.2734988669745462,-0.06202004931682751,Agricultural,0.9996,0.4792910447761194
Andrena_nitida,1.9736,2.808,0.67985928623301,1.0324724861635646,0.4144385379353791,Agricultural,1,0.7028490028490029
Andrena_ovatula,0.7463333333333333,2.693333333333334,-0.29258295105149196,0.9907795838648944,-0.3426140466001896,Agricultural,0.9817,0.2771039603960395
Andrena_pilipes,1.4571428571428573,2.9064285714285716,0.3764775712349122,1.06692503239834,0.10490020441434054,Agricultural,0.7059,0.5013516834603097
Andrena_semilaevis,0.277,1.575,-1.2837377727947985,0.4542552722775964,-0.3740480017904218,Agricultural,0.9999,0.1758730158730159
Andrena_subopaca,0.3433333333333333,1.846666666666667,-1.0690534864265653,0.6133822120910828,-0.4299303829727644,Agricultural,1,0.1859205776173285
Andrena_tibialis,1.6475,3.27,0.4992589873945252,1.184789984909162,0.03645612676133352,Agricultural,0.5034,0.503822629969419
Andrena_wilkella,1.01025,2.286,0.01019782497644587,0.8268035653726189,0.1613888082576362,Agricultural,1,0.44192913385826776
Anthidium_manicatum,2.3458,3.6718,0.8526264951052677,1.3006820050439682,0.07822036690053863,Agricultural,2e-4,0.6388692194563974
Anthidium_oblongatum,1.752571428571429,3.071857142857143,0.5610840971966918,1.1222823112279383,0.09967175907810392,Agricultural,0.0014,0.5705250430172535
Anthophora_bimaculata,1.48,2.82,0.3920420877760237,1.0367368849500225,-0.02163130617873527,Agricultural,0,0.524822695035461
Anthophora_plumipes,3.752,3.993,1.3222890311439781,1.3845428280810843,0.2688374901863149,Agricultural,0,0.9396443776609066
Anthophora_quadrimaculata,2.2225,3.86,0.7986326884059226,1.3506671834767396,-0.15950039399052005,Agricultural,0.8298,0.5757772020725389
Anthophora_retusa,2.096,3.923,0.7400307664587957,1.3668566672274156,-0.23970060193149853,Agricultural,0.9993,0.5342849859801173
Bombus_hypnorum,2.29,3.37,0.8285518175661483,1.2149127443642704,0.17669611034836974,Agricultural,0,0.6795252225519288
Bombus_jonellus,2.3005,4.0175,0.8331264906133863,1.3906598186295307,-0.08580893025971499,Agricultural,0.2029,0.5726197884256379
Bombus_lucorum,2.4,4.861,0.8754687373538999,1.5812441780633184,-0.34780338396087723,Agricultural,1,0.4937255708701913
Bombus_muscorum,2.1822222222222223,3.8116666666666665,0.7803437255901005,1.3380665388066348,-0.04937252917550655,Agricultural,1,0.5725112957294856
Bombus_pascuorum,2.4040909090909093,3.697909090909091,0.8771718317195728,1.3077675493499112,0.07781150717483651,Agricultural,1,0.6501216903901468
Bombus_pratorum,2.0264166666666665,3.58775,0.7062690444379218,1.2775252650689042,-0.02674811965927035,Agricultural,1,0.5648154600144007
Bombus_terrestris,3.052811320754717,4.228792452830189,1.1160629105834547,1.4419164801590942,0.07914085948498883,Agricultural,0,0.7219108894104209
Bombus_vestalis,2.341,3.57,0.8505781885087738,1.2725655957915476,0.10842683996286862,Agricultural,1,0.6557422969187676
Dasypoda_hirtipes,0.47,2.957,-0.7550225842780328,1.08417524087034,-0.7797648683251149,Agricultural,1,0.1589448765640852
Halictus_confusus,0.4184000000000001,1.7855,-0.8713173662314238,0.5796984880523661,-0.18680541904114323,Agricultural,0.7439,0.23433211985438257
Halictus_quadricinctus,1.55,2.895,0.4382549309311553,1.0629851110249586,0.2451628502032572,Agricultural,1,0.5354058721934369
Halictus_rubicundus,0.83875,2.313875,-0.1758425906962455,0.8389236082977121,0.03629616882591752,Agricultural,1,0.36248716979093515
Lasioglossum_calceatum,0.6563333333333333,1.8916666666666664,-0.4210864890111212,0.6374582746993567,0.15956523085584493,Agricultural,1,0.3469603524229075
Lasioglossum_fulvicorne,0.3,1.26,-1.203972804325936,0.23111172096338664,0.10162578000715734,Agricultural,0.9683,0.23809523809523808
Lasioglossum_leucozonium,0.48,2.216666666666667,-0.7339691750802003,0.7960045659996531,-0.4000668989796644,Agricultural,1,0.21654135338345862
Lasioglossum_malachurum,0.4247777777777778,1.4346666666666668,-0.8561891226219436,0.36093253419137367,0.2087196536412525,Agricultural,1,0.2960811648079306
Lasioglossum_punctatissimum,0.29775,1.5625,-1.2115010707467275,0.44628710262841953,-0.26933529721326627,Agricultural,0.013,0.19056
Lasioglossum_sexnotatum,0.8176666666666667,2.56,-0.20130052339175747,0.9400072584914712,-0.1377349050856521,Agricultural,1,0.31940104166666666
Lasioglossum_sexstrigatum,0.231,1.26,-1.4653375684603434,0.23111172096338664,-0.14761990666695152,Agricultural,0,0.18333333333333335
Lasioglossum_zonulum,0.657,2.285,-0.4200712604975265,0.8263660243461681,-0.15805089403382344,Agricultural,0.9848,0.287527352297593
Megachile_centuncularis,1.3815,3.329875,0.32316986538133413,1.2029347657502638,-0.2141017481834687,Agricultural,0.9999,0.41488043845489697
Megachile_rotundata,1.391,3.1667,0.33002291294130587,1.1526900361987735,-0.1253687240505467,Agricultural,1e-4,0.43925853412069343
Megachile_willughbiella,1.966,3.694,0.6760010217249748,1.3067098817770482,-0.05745914515124614,Agricultural,0.8234,0.5322144017325392
Nomada_succincta,1.34,2.057,0.29266961396282004,0.7212486106708201,0.41162616924912815,Agricultural,0.0762,0.6514341273699563
Osmia_caerulescens,0.704421052631579,2.139894736842105,-0.35037901548191763,0.7607566394324319,-0.06237338865730275,Agricultural,0.0506,0.3291849082591372
Osmia_cornuta,1.7993932584269663,3.410741573033708,0.5874495294266552,1.226929737750093,0.05007456051688005,Agricultural,0,0.5275665775013506
Osmia_leaiana,1.1025,2.7655,0.09758032833886404,1.0172214504525956,-0.06638615979117782,Agricultural,0.4631,0.3986620864219852
Panurgus_banksianus,1.63,2.379,0.4885800148186709,0.8666802313208206,0.46907699357890525,Agricultural,0.045,0.6851618327028163
Panurgus_calcaratus,0.53,1.646375,-0.6348782724359695,0.4985759013370734,0.05280540117393288,Agricultural,1,0.3219193683091641
Stelis_breviuscula,0.4433333333333333,1.965666666666667,-0.8134333464344473,0.6758314583502574,-0.4287578275697373,Agricultural,0.912,0.22553840936069183
Xylocopa_violacea,6.777666666666667,5.911111111111111,1.913632893260095,1.7768338190113793,0.267494399807087,Agricultural,0,1.1465977443609021
Andrena_angustior,0.4063333333333333,1.7973333333333332,-0.9005814381689753,0.5863040849418961,-0.24502170915062277,Seminatural,0,0.22607566765578635
Andrena_barbilabris,0.983,2.28,-0.01714615883497051,0.8241754429663494,0.13558097773332828,Seminatural,0,0.431140350877193
Andrena_bicolor,0.7025,2.205,-0.3531098777742362,0.7907275088988094,-0.09334910306930874,Seminatural,0.0718,0.31859410430839
Andrena_carantonica,1.8105,2.775,0.5936030502235589,1.020650747198398,0.3633499435332877,Seminatural,0,0.6524324324324324
Andrena_chrysosceles,0.831,1.8525,-0.18512548412668892,0.616536078188105,0.3050106508973189,Seminatural,0,0.448582995951417
Andrena_cineraria,1.6334,2.724,0.4906637319420382,1.0021013882872658,0.30169171032014264,Seminatural,0,0.5996328928046989
Andrena_dorsata,0.7176,2.262,-0.33184296823755066,0.8162493776939287,-0.11642044107141918,Seminatural,0,0.31724137931034485
Andrena_flavipes,1.1796666666666666,2.572111111111111,0.16523191269521662,0.9447270057187496,0.11031517853267066,Seminatural,0,0.4586375221391853
Andrena_fucata,0.7010000000000001,2.66,-0.35524739194754684,0.9783261227936078,-0.37245716463072787,Seminatural,0,0.2635338345864662
Andrena_fulva,1.5913333333333333,2.76,0.46457223924852864,1.0152306797290584,0.2606233889630356,Seminatural,1,0.5765700483091788
Andrena_gravida,1.59425,2.635,0.46640340621324394,0.9688831819933256,0.3280515474327289,Seminatural,0.0094,0.6050284629981025
Andrena_haemorrhoa,1.1656,2.436,0.153235975898858,0.8903573498476506,0.1875345711469896,Seminatural,0,0.47848932676518885
Andrena_labiata,0.5800000000000001,2.2333333333333334,-0.5447271754416719,0.8034952377288107,-0.27593054950614687,Seminatural,0.07,0.25970149253731345
Andrena_nigroaenea,1.7126666666666666,3.5733333333333333,0.5380516100195821,1.2734988669745462,-0.06202004931682751,Seminatural,0.1887,0.4792910447761194
Andrena_nitida,1.9736,2.808,0.67985928623301,1.0324724861635646,0.4144385379353791,Seminatural,0,0.7028490028490029
Andrena_ovatula,0.7463333333333333,2.693333333333334,-0.29258295105149196,0.9907795838648944,-0.3426140466001896,Seminatural,0,0.2771039603960395
Andrena_pilipes,1.4571428571428573,2.9064285714285716,0.3764775712349122,1.06692503239834,0.10490020441434054,Seminatural,0.0681,0.5013516834603097
Andrena_semilaevis,0.277,1.575,-1.2837377727947985,0.4542552722775964,-0.3740480017904218,Seminatural,0,0.1758730158730159
Andrena_subopaca,0.3433333333333333,1.846666666666667,-1.0690534864265653,0.6133822120910828,-0.4299303829727644,Seminatural,0,0.1859205776173285
Andrena_tibialis,1.6475,3.27,0.4992589873945252,1.184789984909162,0.03645612676133352,Seminatural,0.9995,0.503822629969419
Andrena_wilkella,1.01025,2.286,0.01019782497644587,0.8268035653726189,0.1613888082576362,Seminatural,0,0.44192913385826776
Anthidium_manicatum,2.3458,3.6718,0.8526264951052677,1.3006820050439682,0.07822036690053863,Seminatural,1,0.6388692194563974
Anthidium_oblongatum,1.752571428571429,3.071857142857143,0.5610840971966918,1.1222823112279383,0.09967175907810392,Seminatural,0.9809,0.5705250430172535
Anthophora_bimaculata,1.48,2.82,0.3920420877760237,1.0367368849500225,-0.02163130617873527,Seminatural,0,0.524822695035461
Anthophora_plumipes,3.752,3.993,1.3222890311439781,1.3845428280810843,0.2688374901863149,Seminatural,1,0.9396443776609066
Anthophora_quadrimaculata,2.2225,3.86,0.7986326884059226,1.3506671834767396,-0.15950039399052005,Seminatural,0.9998,0.5757772020725389
Anthophora_retusa,2.096,3.923,0.7400307664587957,1.3668566672274156,-0.23970060193149853,Seminatural,0,0.5342849859801173
Bombus_hypnorum,2.29,3.37,0.8285518175661483,1.2149127443642704,0.17669611034836974,Seminatural,1,0.6795252225519288
Bombus_jonellus,2.3005,4.0175,0.8331264906133863,1.3906598186295307,-0.08580893025971499,Seminatural,0,0.5726197884256379
Bombus_lucorum,2.4,4.861,0.8754687373538999,1.5812441780633184,-0.34780338396087723,Seminatural,0,0.4937255708701913
Bombus_muscorum,2.1822222222222223,3.8116666666666665,0.7803437255901005,1.3380665388066348,-0.04937252917550655,Seminatural,0,0.5725112957294856
Bombus_pascuorum,2.4040909090909093,3.697909090909091,0.8771718317195728,1.3077675493499112,0.07781150717483651,Seminatural,0,0.6501216903901468
Bombus_pratorum,2.0264166666666665,3.58775,0.7062690444379218,1.2775252650689042,-0.02674811965927035,Seminatural,0,0.5648154600144007
Bombus_terrestris,3.052811320754717,4.228792452830189,1.1160629105834547,1.4419164801590942,0.07914085948498883,Seminatural,1,0.7219108894104209
Bombus_vestalis,2.341,3.57,0.8505781885087738,1.2725655957915476,0.10842683996286862,Seminatural,0,0.6557422969187676
Dasypoda_hirtipes,0.47,2.957,-0.7550225842780328,1.08417524087034,-0.7797648683251149,Seminatural,0,0.1589448765640852
Halictus_confusus,0.4184000000000001,1.7855,-0.8713173662314238,0.5796984880523661,-0.18680541904114323,Seminatural,0,0.23433211985438257
Halictus_quadricinctus,1.55,2.895,0.4382549309311553,1.0629851110249586,0.2451628502032572,Seminatural,0,0.5354058721934369
Halictus_rubicundus,0.83875,2.313875,-0.1758425906962455,0.8389236082977121,0.03629616882591752,Seminatural,0,0.36248716979093515
Lasioglossum_calceatum,0.6563333333333333,1.8916666666666664,-0.4210864890111212,0.6374582746993567,0.15956523085584493,Seminatural,0,0.3469603524229075
Lasioglossum_fulvicorne,0.3,1.26,-1.203972804325936,0.23111172096338664,0.10162578000715734,Seminatural,0,0.23809523809523808
Lasioglossum_leucozonium,0.48,2.216666666666667,-0.7339691750802003,0.7960045659996531,-0.4000668989796644,Seminatural,0,0.21654135338345862
Lasioglossum_malachurum,0.4247777777777778,1.4346666666666668,-0.8561891226219436,0.36093253419137367,0.2087196536412525,Seminatural,0,0.2960811648079306
Lasioglossum_punctatissimum,0.29775,1.5625,-1.2115010707467275,0.44628710262841953,-0.26933529721326627,Seminatural,0,0.19056
Lasioglossum_sexnotatum,0.8176666666666667,2.56,-0.20130052339175747,0.9400072584914712,-0.1377349050856521,Seminatural,0,0.31940104166666666
Lasioglossum_sexstrigatum,0.231,1.26,-1.4653375684603434,0.23111172096338664,-0.14761990666695152,Seminatural,0.6859,0.18333333333333335
Lasioglossum_zonulum,0.657,2.285,-0.4200712604975265,0.8263660243461681,-0.15805089403382344,Seminatural,0,0.287527352297593
Megachile_centuncularis,1.3815,3.329875,0.32316986538133413,1.2029347657502638,-0.2141017481834687,Seminatural,0.9968,0.41488043845489697
Megachile_rotundata,1.391,3.1667,0.33002291294130587,1.1526900361987735,-0.1253687240505467,Seminatural,1,0.43925853412069343
Megachile_willughbiella,1.966,3.694,0.6760010217249748,1.3067098817770482,-0.05745914515124614,Seminatural,0.3077,0.5322144017325392
Nomada_succincta,1.34,2.057,0.29266961396282004,0.7212486106708201,0.41162616924912815,Seminatural,0,0.6514341273699563
Osmia_caerulescens,0.704421052631579,2.139894736842105,-0.35037901548191763,0.7607566394324319,-0.06237338865730275,Seminatural,1,0.3291849082591372
Osmia_cornuta,1.7993932584269663,3.410741573033708,0.5874495294266552,1.226929737750093,0.05007456051688005,Seminatural,1,0.5275665775013506
Osmia_leaiana,1.1025,2.7655,0.09758032833886404,1.0172214504525956,-0.06638615979117782,Seminatural,0.9984,0.3986620864219852
Panurgus_banksianus,1.63,2.379,0.4885800148186709,0.8666802313208206,0.46907699357890525,Seminatural,6e-4,0.6851618327028163
Panurgus_calcaratus,0.53,1.646375,-0.6348782724359695,0.4985759013370734,0.05280540117393288,Seminatural,0,0.3219193683091641
Stelis_breviuscula,0.4433333333333333,1.965666666666667,-0.8134333464344473,0.6758314583502574,-0.4287578275697373,Seminatural,0.8901,0.22553840936069183
Xylocopa_violacea,6.777666666666667,5.911111111111111,1.913632893260095,1.7768338190113793,0.267494399807087,Seminatural,1,1.1465977443609021
