brain_it,Habitat,Preference,Species,cond__,effect1__,effect2__,estimate__,se__,lower__,upper__
0.1548780487804878,Agricultural,0.5338345864661654,NA,1,0.1548780487804878,Agricultural,0.9998889036565486,1.644159157644548e-4,0.987250333866464,0.9999999942362024
0.1548780487804878,Natural,0.5338345864661654,NA,1,0.1548780487804878,Natural,0.8805186702340069,0.07741015450644707,0.6431234383716848,0.9757250962745495
0.1548780487804878,Urban,0.5338345864661654,NA,1,0.1548780487804878,Urban,0.016505029181940876,0.016935900581794172,9.373494956246945e-4,0.10510404359377892
0.1647903989629665,Agricultural,0.5338345864661654,NA,1,0.1647903989629665,Agricultural,0.9998668040901699,1.9703403271156226e-4,0.9862990995443401,0.9999999915170454
0.1647903989629665,Natural,0.5338345864661654,NA,1,0.1647903989629665,Natural,0.8752238544495108,0.07865249117235164,0.6383870868504579,0.9739243523685439
0.1647903989629665,Urban,0.5338345864661654,NA,1,0.1647903989629665,Urban,0.01802372663445268,0.018184659733986995,0.001088193448352478,0.10969853928987004
0.17470274914544517,Agricultural,0.5338345864661654,NA,1,0.17470274914544517,Agricultural,0.9998401139921449,2.3636101148729441e-4,0.9849206797797339,0.9999999875150323
0.17470274914544517,Natural,0.5338345864661654,NA,1,0.17470274914544517,Natural,0.8700688806191805,0.07983447027176369,0.6365395515882903,0.9719915669586061
0.17470274914544517,Urban,0.5338345864661654,NA,1,0.17470274914544517,Urban,0.019653330905067636,0.019515750444264207,0.0012651950442217315,0.11315092003846443
0.18461509932792386,Agricultural,0.5338345864661654,NA,1,0.18461509932792386,Agricultural,0.9998085611596992,2.8285388379534736e-4,0.9836914302362031,0.9999999816249086
0.18461509932792386,Natural,0.5338345864661654,NA,1,0.18461509932792386,Natural,0.8649213493252703,0.08090330635821617,0.6325782760006552,0.9698719697194087
0.18461509932792386,Urban,0.5338345864661654,NA,1,0.18461509932792386,Urban,0.021327542300196338,0.020799137228100714,0.0014709482118969888,0.11707303721393307
0.19452744951040257,Agricultural,0.5338345864661654,NA,1,0.19452744951040257,Agricultural,0.9997701819021003,3.393761655409593e-4,0.982412793095061,0.9999999733591501
0.19452744951040257,Natural,0.5338345864661654,NA,1,0.19452744951040257,Natural,0.8594237224511895,0.08205523110606312,0.6289906359926255,0.9673595581183143
0.19452744951040257,Urban,0.5338345864661654,NA,1,0.19452744951040257,Urban,0.02310747832532064,0.02202471508535253,0.0016899920775841643,0.12040725132668184
0.20443979969288123,Agricultural,0.5338345864661654,NA,1,0.20443979969288123,Agricultural,0.9997224139528413,4.094497890218259e-4,0.9811178406525629,0.9999999621976785
0.20443979969288123,Natural,0.5338345864661654,NA,1,0.20443979969288123,Natural,0.8534523208176299,0.08296254425022584,0.6237720645822981,0.9644717429246723
0.20443979969288123,Urban,0.5338345864661654,NA,1,0.20443979969288123,Urban,0.02516280072107146,0.023482897660384684,0.00196745281317813,0.12533670795102544
0.21435214987535994,Agricultural,0.5338345864661654,NA,1,0.21435214987535994,Agricultural,0.999669193925667,4.874827785243895e-4,0.9793043088465432,0.9999999447747256
0.21435214987535994,Natural,0.5338345864661654,NA,1,0.21435214987535994,Natural,0.8476095803408497,0.08386834539800661,0.6182598212618767,0.961698950915774
0.21435214987535994,Urban,0.5338345864661654,NA,1,0.21435214987535994,Urban,0.027290497603212963,0.025020771183886317,0.0022550541701586726,0.13024223515111794
0.22426450005783863,Agricultural,0.5338345864661654,NA,1,0.22426450005783863,Agricultural,0.9996016883160488,5.861380429745218e-4,0.9777012764724771,0.9999999179249829
0.22426450005783863,Natural,0.5338345864661654,NA,1,0.22426450005783863,Natural,0.8413281978287224,0.08478875839495385,0.6133244955495037,0.9581241710204189
0.22426450005783863,Urban,0.5338345864661654,NA,1,0.22426450005783863,Urban,0.029542250000112763,0.02649185656836891,0.002626179289455175,0.13555715233476104
0.2341768502403173,Agricultural,0.5338345864661654,NA,1,0.2341768502403173,Agricultural,0.9995222694735292,7.020342596447391e-4,0.9755068173323749,0.9999998779980823
0.2341768502403173,Natural,0.5338345864661654,NA,1,0.2341768502403173,Natural,0.8350055456080878,0.08553919735329796,0.6097611000312128,0.9542235129126078
0.2341768502403173,Urban,0.5338345864661654,NA,1,0.2341768502403173,Urban,0.031988599278082765,0.028075402391572437,0.0030335032141054824,0.14031154092950654
0.244089200422796,Agricultural,0.5338345864661654,NA,1,0.244089200422796,Agricultural,0.999427481335446,8.401041761648367e-4,0.9735223230203605,0.9999998210740435
0.244089200422796,Natural,0.5338345864661654,NA,1,0.244089200422796,Natural,0.8279779256174868,0.08622978355557258,0.6038483828973769,0.9499881518691531
0.244089200422796,Urban,0.5338345864661654,NA,1,0.244089200422796,Urban,0.034562525125487076,0.029642585422193925,0.0034789296837665403,0.14526063749279586
0.2540015506052747,Agricultural,0.5338345864661654,NA,1,0.2540015506052747,Agricultural,0.9993167141117687,0.00100098499835598,0.9713666946537933,0.9999997451109659
0.2540015506052747,Natural,0.5338345864661654,NA,1,0.2540015506052747,Natural,0.8212435338241044,0.08642499390161353,0.5980295279647551,0.9456549894287997
0.2540015506052747,Urban,0.5338345864661654,NA,1,0.2540015506052747,Urban,0.03742068109833731,0.031452853294424904,0.004026348710839468,0.15231512099922911
0.2639139007877534,Agricultural,0.5338345864661654,NA,1,0.2639139007877534,Agricultural,0.9991881652790565,0.0011869618043068438,0.96902468933495,0.9999996366329688
0.2639139007877534,Natural,0.5338345864661654,NA,1,0.2639139007877534,Natural,0.8146359700563776,0.08731507264656756,0.5932198290824686,0.9416356358912992
0.2639139007877534,Urban,0.5338345864661654,NA,1,0.2639139007877534,Urban,0.040438932880949255,0.03323262830829178,0.004667165981006282,0.1578381265433005
0.27382625097023205,Agricultural,0.5338345864661654,NA,1,0.27382625097023205,Agricultural,0.9990310521907031,0.0014126843622949596,0.9663709918297886,0.9999994653263654
0.27382625097023205,Natural,0.5338345864661654,NA,1,0.27382625097023205,Natural,0.8073326174526123,0.08831748762112082,0.589061429760858,0.9380314699803602
0.27382625097023205,Urban,0.5338345864661654,NA,1,0.27382625097023205,Urban,0.04371299283319184,0.03520036305723898,0.005357376555487277,0.16480677961999665
0.28373860115271077,Agricultural,0.5338345864661654,NA,1,0.28373860115271077,Agricultural,0.9988459784116253,0.0016781365335340724,0.9632880705489872,0.9999991820207839
0.28373860115271077,Natural,0.5338345864661654,NA,1,0.28373860115271077,Natural,0.7998200405826841,0.08875248049814999,0.5839592600716232,0.9331121790196302
0.28373860115271077,Urban,0.5338345864661654,NA,1,0.28373860115271077,Urban,0.0474058999065376,0.03723465350237091,0.006118191871633391,0.171403190266265
0.2936509513351895,Agricultural,0.5338345864661654,NA,1,0.2936509513351895,Agricultural,0.9986318803930427,0.0019836013628108133,0.9599892269282103,0.9999987872024294
0.2936509513351895,Natural,0.5338345864661654,NA,1,0.2936509513351895,Natural,0.7921113081770585,0.08929372731671159,0.5797294022228618,0.928083613936416
0.2936509513351895,Urban,0.5338345864661654,NA,1,0.2936509513351895,Urban,0.05130208239059404,0.039152998904759234,0.006948064739976094,0.17819578999924232
0.30356330151766814,Agricultural,0.5338345864661654,NA,1,0.30356330151766814,Agricultural,0.9983524149113068,0.0023799611022788277,0.9564254973613108,0.9999982947552639
0.30356330151766814,Natural,0.5338345864661654,NA,1,0.30356330151766814,Natural,0.7842624512292056,0.0894048888951631,0.5750367587650176,0.9227607390716733
0.30356330151766814,Urban,0.5338345864661654,NA,1,0.30356330151766814,Urban,0.055394747499656324,0.04117296698914335,0.007911950240438795,0.1853353859815566
0.3134756517001468,Agricultural,0.5338345864661654,NA,1,0.3134756517001468,Agricultural,0.9980302982987892,0.0028354211587852444,0.952383514036557,0.9999975417766048
0.3134756517001468,Natural,0.5338345864661654,NA,1,0.3134756517001468,Natural,0.7757356971234286,0.08899409400990466,0.5690481234311642,0.9166018269281397
0.3134756517001468,Urban,0.5338345864661654,NA,1,0.3134756517001468,Urban,0.0599133575280661,0.04317095840852503,0.008965534075419463,0.19003554859285773
0.3233880018826255,Agricultural,0.5338345864661654,NA,1,0.3233880018826255,Agricultural,0.9976457889922119,0.003370931772147279,0.9480856232580952,0.9999963774699587
0.3233880018826255,Natural,0.5338345864661654,NA,1,0.3233880018826255,Natural,0.7672759942654459,0.08875106606475082,0.5618224494639287,0.9107459619889583
0.3233880018826255,Urban,0.5338345864661654,NA,1,0.3233880018826255,Urban,0.06480425879808452,0.045306998242925146,0.010324325556515346,0.19867816715575673
0.3333003520651042,Agricultural,0.5338345864661654,NA,1,0.3333003520651042,Agricultural,0.9971858079717916,0.004009041705105029,0.9430017275284183,0.9999945795401894
0.3333003520651042,Natural,0.5338345864661654,NA,1,0.3333003520651042,Natural,0.7588844646560402,0.08830620421081692,0.5561769506381086,0.9041290838647381
0.3333003520651042,Urban,0.5338345864661654,NA,1,0.3333003520651042,Urban,0.0700877659955298,0.04762394348062395,0.011853449658508807,0.20546541070948615
0.3432127022475829,Agricultural,0.5338345864661654,NA,1,0.3432127022475829,Agricultural,0.9966622029274159,0.00472612087606399,0.9383142017915727,0.9999918050991897
0.3432127022475829,Natural,0.5338345864661654,NA,1,0.3432127022475829,Natural,0.7501772705383896,0.08847126639685406,0.5486639288706295,0.8974471816270456
0.3432127022475829,Urban,0.5338345864661654,NA,1,0.3432127022475829,Urban,0.07561956944452917,0.04964852710940131,0.013618492466527502,0.2124087338659658
0.35312505243006154,Agricultural,0.5338345864661654,NA,1,0.35312505243006154,Agricultural,0.9960082447271607,0.005592400372627725,0.9322479993021634,0.9999880087025286
0.35312505243006154,Natural,0.5338345864661654,NA,1,0.35312505243006154,Natural,0.7403166297063108,0.08831076616222763,0.5416258053976601,0.8904914789109917
0.35312505243006154,Urban,0.5338345864661654,NA,1,0.35312505243006154,Urban,0.08160404824482523,0.05170971194535676,0.015658813893989154,0.2217760874688851
0.36303740261254025,Agricultural,0.5338345864661654,NA,1,0.36303740261254025,Agricultural,0.9952288324361812,0.006627137933345496,0.9262585128162597,0.9999826962452031
0.36303740261254025,Natural,0.5338345864661654,NA,1,0.36303740261254025,Natural,0.7318369914134663,0.08808009725689485,0.5339500488380055,0.8843923432648323
0.36303740261254025,Urban,0.5338345864661654,NA,1,0.36303740261254025,Urban,0.08831184526361174,0.053794146310425395,0.017990522004480675,0.2307932550652286
0.37294975279501896,Agricultural,0.5338345864661654,NA,1,0.37294975279501896,Agricultural,0.9942563467366119,0.007875944191422343,0.9202812102251133,0.9999750756240142
0.37294975279501896,Natural,0.5338345864661654,NA,1,0.37294975279501896,Natural,0.7227042053132665,0.0880430465298628,0.5261101038816595,0.8755196206370948
0.37294975279501896,Urban,0.5338345864661654,NA,1,0.37294975279501896,Urban,0.09491410564614472,0.056165199947397035,0.020368453538633924,0.2414687670181305
0.3828621029774977,Agricultural,0.5338345864661654,NA,1,0.3828621029774977,Agricultural,0.9931261584176408,0.009302816634153208,0.9138723889587776,0.999963666023813
0.3828621029774977,Natural,0.5338345864661654,NA,1,0.3828621029774977,Natural,0.7136415202284243,0.08815736315873368,0.5190186555297402,0.8676194837716877
0.3828621029774977,Urban,0.5338345864661654,NA,1,0.3828621029774977,Urban,0.10235204057310997,0.058339043336965976,0.02318355625248604,0.25175861263708965
0.39277445315997633,Agricultural,0.5338345864661654,NA,1,0.39277445315997633,Agricultural,0.9917296129234152,0.01101766737981978,0.9071011309464844,0.9999474760097883
0.39277445315997633,Natural,0.5338345864661654,NA,1,0.39277445315997633,Natural,0.7039681964852251,0.08887891570866849,0.5106063723569196,0.8604259373837283
0.39277445315997633,Urban,0.5338345864661654,NA,1,0.39277445315997633,Urban,0.11032208219328733,0.06043109351343718,0.026352504580942022,0.26212939369201665
0.402686803342455,Agricultural,0.5338345864661654,NA,1,0.402686803342455,Agricultural,0.9901602505053406,0.012936253544594734,0.8984565224958123,0.9999236355455696
0.402686803342455,Natural,0.5338345864661654,NA,1,0.402686803342455,Natural,0.693512637772208,0.08859699048570963,0.5011967010489806,0.853044513457728
0.402686803342455,Urban,0.5338345864661654,NA,1,0.402686803342455,Urban,0.11904957350755245,0.06258549143955906,0.030251320638104335,0.2753055261021903
0.4125991535249337,Agricultural,0.5338345864661654,NA,1,0.4125991535249337,Agricultural,0.9882173594462682,0.015216151466390748,0.8900470121581106,0.9998906538813599
0.4125991535249337,Natural,0.5338345864661654,NA,1,0.4125991535249337,Natural,0.6830579412396265,0.08865671769322989,0.49211587733586376,0.8439812261043547
0.4125991535249337,Urban,0.5338345864661654,NA,1,0.4125991535249337,Urban,0.12815958899670693,0.06454851932317844,0.0345407747606077,0.2862861959097587
0.4225115037074124,Agricultural,0.5338345864661654,NA,1,0.4225115037074124,Agricultural,0.9859499712451146,0.017748561326484093,0.8807114769502256,0.9998433290122175
0.4225115037074124,Natural,0.5338345864661654,NA,1,0.4225115037074124,Natural,0.672671235965417,0.08886694057666106,0.4832759906029773,0.8354688489869974
0.4225115037074124,Urban,0.5338345864661654,NA,1,0.4225115037074124,Urban,0.13775498662257635,0.06644844602664932,0.03897937089373368,0.29827072648653524
0.43242385388989113,Agricultural,0.5338345864661654,NA,1,0.43242385388989113,Agricultural,0.9832151666525377,0.020647861845220838,0.8698267027188923,0.999778302383849
0.43242385388989113,Natural,0.5338345864661654,NA,1,0.43242385388989113,Natural,0.6622024717634557,0.08881863517783309,0.47263809500270504,0.8263270304796978
0.43242385388989113,Urban,0.5338345864661654,NA,1,0.43242385388989113,Urban,0.14785775982517285,0.06856761185162497,0.04433403133323986,0.3117794593503247
0.44233620407236973,Agricultural,0.5338345864661654,NA,1,0.44233620407236973,Agricultural,0.9798365787231691,0.02414347823456479,0.8585636922703913,0.9996783906900841
0.44233620407236973,Natural,0.5338345864661654,NA,1,0.44233620407236973,Natural,0.6517719021115832,0.08834406392817207,0.4632726307231731,0.8176560961497144
0.44233620407236973,Urban,0.5338345864661654,NA,1,0.44233620407236973,Urban,0.1577615542878192,0.07078129634170799,0.0500919931892576,0.32434992624460895
0.45224855425484844,Agricultural,0.5338345864661654,NA,1,0.45224855425484844,Agricultural,0.9758747648035411,0.028086561629301655,0.8451406285060734,0.9995391022705222
0.45224855425484844,Natural,0.5338345864661654,NA,1,0.45224855425484844,Natural,0.6407590397398164,0.08839054287672342,0.45269286336318093,0.8096114051849856
0.45224855425484844,Urban,0.5338345864661654,NA,1,0.45224855425484844,Urban,0.16906323555572533,0.07258098786214784,0.05650273563993022,0.3413758715132305
0.46216090443732716,Agricultural,0.5338345864661654,NA,1,0.46216090443732716,Agricultural,0.9711838661918046,0.03252992934860695,0.8313926716701407,0.9993428906076862
0.46216090443732716,Natural,0.5338345864661654,NA,1,0.46216090443732716,Natural,0.6292663908278198,0.08920240301781485,0.44160962862028713,0.8012446659080056
0.46216090443732716,Urban,0.5338345864661654,NA,1,0.46216090443732716,Urban,0.18103028133501398,0.07416697875403411,0.06335703632259201,0.3568078109953266
0.47207325461980587,Agricultural,0.5338345864661654,NA,1,0.47207325461980587,Agricultural,0.9658549091122567,0.03729966550889269,0.8158330256224279,0.9990721438072743
0.47207325461980587,Natural,0.5338345864661654,NA,1,0.47207325461980587,Natural,0.6185138328512527,0.08919203029057739,0.4287299455788384,0.7941119594745037
0.47207325461980587,Urban,0.5338345864661654,NA,1,0.47207325461980587,Urban,0.1934005986781553,0.07582160583428012,0.07108024132466827,0.3747352795962506
0.4819856048022846,Agricultural,0.5338345864661654,NA,1,0.4819856048022846,Agricultural,0.9593709731405411,0.0426246346183978,0.801267028370432,0.9986636454346306
0.4819856048022846,Natural,0.5338345864661654,NA,1,0.4819856048022846,Natural,0.6070672936665371,0.09045970055612805,0.418946315569955,0.785328904993668
0.4819856048022846,Urban,0.5338345864661654,NA,1,0.4819856048022846,Urban,0.20729787605034983,0.07786279622400978,0.07938104151867532,0.39016355744642756
0.4918979549847632,Agricultural,0.5338345864661654,NA,1,0.4918979549847632,Agricultural,0.9515912058385212,0.048565095987727645,0.7824481395672378,0.9980601111704523
0.4918979549847632,Natural,0.5338345864661654,NA,1,0.4918979549847632,Natural,0.5955529770056326,0.09073112635659282,0.40632239729429587,0.7763097099188316
0.4918979549847632,Urban,0.5338345864661654,NA,1,0.4918979549847632,Urban,0.2206609681348315,0.08018590964974513,0.08894798496286249,0.4075834950026116
0.5018103051672419,Agricultural,0.5338345864661654,NA,1,0.5018103051672419,Agricultural,0.9423606173734509,0.055074543454043286,0.7632207722310821,0.9971706040263685
0.5018103051672419,Natural,0.5338345864661654,NA,1,0.5018103051672419,Natural,0.5845812789106957,0.09202160116151813,0.3934345606621685,0.7661826584852852
0.5018103051672419,Urban,0.5338345864661654,NA,1,0.5018103051672419,Urban,0.23430699524380094,0.08211922627464575,0.09890133510249416,0.4274263534682978
0.5117226553497206,Agricultural,0.5338345864661654,NA,1,0.5117226553497206,Agricultural,0.9317772510128206,0.06245269523078588,0.7432088551666945,0.9959268258215024
0.5117226553497206,Natural,0.5338345864661654,NA,1,0.5117226553497206,Natural,0.5732241968939771,0.09288477772790504,0.3821248944115823,0.7576241447913645
0.5117226553497206,Urban,0.5338345864661654,NA,1,0.5117226553497206,Urban,0.24900978251113376,0.08497674250184464,0.10906797355227171,0.4459423034595609
0.5216350055321993,Agricultural,0.5338345864661654,NA,1,0.5216350055321993,Agricultural,0.9199720599222236,0.06957354291873787,0.7178172036962396,0.9942798947588835
0.5216350055321993,Natural,0.5338345864661654,NA,1,0.5216350055321993,Natural,0.561799601965288,0.09358153589319702,0.36927643648919967,0.748725696702419
0.5216350055321993,Urban,0.5338345864661654,NA,1,0.5216350055321993,Urban,0.26396205086247093,0.08776609605356069,0.12121049038557306,0.46688943994868076
0.5315473557146779,Agricultural,0.5338345864661654,NA,1,0.5315473557146779,Agricultural,0.9059496559326035,0.07673298426654085,0.692986120420386,0.9919200292491599
0.5315473557146779,Natural,0.5338345864661654,NA,1,0.5315473557146779,Natural,0.5501042928359421,0.09505875098093768,0.3552657624831163,0.740534816981393
0.5315473557146779,Urban,0.5338345864661654,NA,1,0.5315473557146779,Urban,0.2802947477513559,0.0903728703938774,0.13260264717046744,0.4861185752326345
0.5414597058971566,Agricultural,0.5338345864661654,NA,1,0.5414597058971566,Agricultural,0.8896756649404807,0.08475435224199403,0.6663794247692824,0.9887572511380085
0.5414597058971566,Natural,0.5338345864661654,NA,1,0.5414597058971566,Natural,0.5384514710089017,0.09701999491195186,0.3391447077122047,0.7331318490414552
0.5414597058971566,Urban,0.5338345864661654,NA,1,0.5414597058971566,Urban,0.2976518713008179,0.09354102067662413,0.14334398514712857,0.5059056594386117
0.5513720560796354,Agricultural,0.5338345864661654,NA,1,0.5513720560796354,Agricultural,0.8701908147749164,0.09274053002579229,0.6331744422676014,0.9842214335272997
0.5513720560796354,Natural,0.5338345864661654,NA,1,0.5513720560796354,Natural,0.5266228685520977,0.0987521285574363,0.3249664791441074,0.7245306808667293
0.5513720560796354,Urban,0.5338345864661654,NA,1,0.5513720560796354,Urban,0.31526523995820943,0.09515294650548979,0.15566103670737663,0.5265287311821744
0.5612844062621141,Agricultural,0.5338345864661654,NA,1,0.5612844062621141,Agricultural,0.8486018158613519,0.10058419760815697,0.602027023898592,0.9779385996414806
0.5612844062621141,Natural,0.5338345864661654,NA,1,0.5612844062621141,Natural,0.5144188130648113,0.10036012997995059,0.31076792903439265,0.7180991910225928
0.5612844062621141,Urban,0.5338345864661654,NA,1,0.5612844062621141,Urban,0.3333977852362163,0.09828181377756141,0.1691245933113435,0.5492774611596688
0.5711967564445928,Agricultural,0.5338345864661654,NA,1,0.5711967564445928,Agricultural,0.823289532545395,0.10780484438247762,0.5670455287990309,0.9696534710463497
0.5711967564445928,Natural,0.5338345864661654,NA,1,0.5711967564445928,Natural,0.5023683970001357,0.10310013431104711,0.2958819697170921,0.7093873468309198
0.5711967564445928,Urban,0.5338345864661654,NA,1,0.5711967564445928,Urban,0.35186537937164686,0.10143759475795343,0.1823101242475137,0.5718690428706912
0.5811091066270714,Agricultural,0.5338345864661654,NA,1,0.5811091066270714,Agricultural,0.7965179012995425,0.11477912028129048,0.523318661843319,0.9583672979645259
0.5811091066270714,Natural,0.5338345864661654,NA,1,0.5811091066270714,Natural,0.4910735759811237,0.10541257325964395,0.2825951858098761,0.7025931975797599
0.5811091066270714,Urban,0.5338345864661654,NA,1,0.5811091066270714,Urban,0.3718474865009729,0.1050782402901655,0.19587964631710197,0.5952632041434447
0.5910214568095501,Agricultural,0.5338345864661654,NA,1,0.5910214568095501,Agricultural,0.7654587060553024,0.12278395770506108,0.4811511029472125,0.9459127835363147
0.5910214568095501,Natural,0.5338345864661654,NA,1,0.5910214568095501,Natural,0.47912112075489377,0.10782064651629898,0.2681011350683873,0.6962289072051269
0.5910214568095501,Urban,0.5338345864661654,NA,1,0.5910214568095501,Urban,0.3920477317780995,0.10978857717336005,0.2087574481825858,0.621224167595714
0.6009338069920288,Agricultural,0.5338345864661654,NA,1,0.6009338069920288,Agricultural,0.7298850209295976,0.13046481611575494,0.438162685449472,0.9271902294222807
0.6009338069920288,Natural,0.5338345864661654,NA,1,0.6009338069920288,Natural,0.46705180729125395,0.1099621107337963,0.2556073911428263,0.6898069828219308
0.6009338069920288,Urban,0.5338345864661654,NA,1,0.6009338069920288,Urban,0.41308500925886427,0.11175994532795147,0.22049642330219382,0.6456387639681773
0.6108461571745075,Agricultural,0.5338345864661654,NA,1,0.6108461571745075,Agricultural,0.692571423701584,0.1377343514277906,0.3951278472338813,0.9035987734768495
0.6108461571745075,Natural,0.5338345864661654,NA,1,0.6108461571745075,Natural,0.45543617671295994,0.11215998114316723,0.24147649776126778,0.6832980857887809
0.6108461571745075,Urban,0.5338345864661654,NA,1,0.6108461571745075,Urban,0.4337134691465708,0.11540005634044201,0.23482672265279966,0.6721071901481166
0.6207585073569861,Agricultural,0.5338345864661654,NA,1,0.6207585073569861,Agricultural,0.6509489858206919,0.14540915627316275,0.34660290662265164,0.8790259964107802
0.6207585073569861,Natural,0.5338345864661654,NA,1,0.6207585073569861,Natural,0.44342480402693407,0.11492129148893082,0.2279848116191715,0.676439116336196
0.6207585073569861,Urban,0.5338345864661654,NA,1,0.6207585073569861,Urban,0.45464048646285143,0.11927321863201326,0.24847811328571787,0.6981244476201144
0.6306708575394648,Agricultural,0.5338345864661654,NA,1,0.6306708575394648,Agricultural,0.6060528981088995,0.15506270815527387,0.2992802386907996,0.853152783531922
0.6306708575394648,Natural,0.5338345864661654,NA,1,0.6306708575394648,Natural,0.43143093069500477,0.11793382881045214,0.21413676301972387,0.6698142274064701
0.6306708575394648,Urban,0.5338345864661654,NA,1,0.6306708575394648,Urban,0.4747145105274905,0.12326628239262978,0.26274233036993405,0.7205625435535549
0.6405832077219435,Agricultural,0.5338345864661654,NA,1,0.6405832077219435,Agricultural,0.5620085132208856,0.1615180827808504,0.25459682287398544,0.829654611511381
0.6405832077219435,Natural,0.5338345864661654,NA,1,0.6405832077219435,Natural,0.4201483304374913,0.12069629676102439,0.200417945384302,0.6633690298549173
0.6405832077219435,Urban,0.5338345864661654,NA,1,0.6405832077219435,Urban,0.4950124435041919,0.12803637376013885,0.2755457338555974,0.7419497431649551
0.6504955579044223,Agricultural,0.5338345864661654,NA,1,0.6504955579044223,Agricultural,0.5161404273040755,0.1677600021941557,0.20845651571472384,0.8056265732276862
0.6504955579044223,Natural,0.5338345864661654,NA,1,0.6504955579044223,Natural,0.40814547284818836,0.12242587442235624,0.18853904227157783,0.6565928258196703
0.6504955579044223,Urban,0.5338345864661654,NA,1,0.6504955579044223,Urban,0.5151413236672755,0.13042529733399386,0.28839232516193336,0.7624811141980632
0.660407908086901,Agricultural,0.5338345864661654,NA,1,0.660407908086901,Agricultural,0.4706192896154142,0.17260209863612774,0.1652399134636389,0.7797092683984592
0.660407908086901,Natural,0.5338345864661654,NA,1,0.660407908086901,Natural,0.39715450004104486,0.12542543766912176,0.1768978196058147,0.6495394148709938
0.660407908086901,Urban,0.5338345864661654,NA,1,0.660407908086901,Urban,0.5352176505729549,0.13279336655957633,0.3004784620739777,0.7844468544854102
0.6703202582693797,Agricultural,0.5338345864661654,NA,1,0.6703202582693797,Agricultural,0.4251242620605742,0.17936497528598444,0.13169408365847474,0.7556862563486465
0.6703202582693797,Natural,0.5338345864661654,NA,1,0.6703202582693797,Natural,0.3862175401377772,0.1264474358684648,0.1661233182710685,0.6446895773079462
0.6703202582693797,Urban,0.5338345864661654,NA,1,0.6703202582693797,Urban,0.5562464779533314,0.13631461754196125,0.3126372210440403,0.8049647529702004
0.6802326084518583,Agricultural,0.5338345864661654,NA,1,0.6802326084518583,Agricultural,0.3791974018964997,0.18060291309932164,0.10122714210657788,0.7324712020390141
0.6802326084518583,Natural,0.5338345864661654,NA,1,0.6802326084518583,Natural,0.37501646204015227,0.12860227629054619,0.15538241984159143,0.6396696632440506
0.6802326084518583,Urban,0.5338345864661654,NA,1,0.6802326084518583,Urban,0.575511721833868,0.13949534381518655,0.32227982853478077,0.8232054308892329
0.690144958634337,Agricultural,0.5338345864661654,NA,1,0.690144958634337,Agricultural,0.338686913942426,0.18082238971720244,0.07675929960404268,0.7084528151628449
0.690144958634337,Natural,0.5338345864661654,NA,1,0.690144958634337,Natural,0.36404381661200047,0.13105454465796665,0.1445561165103675,0.6325762250556275
0.690144958634337,Urban,0.5338345864661654,NA,1,0.690144958634337,Urban,0.5952861659360018,0.14106247163849533,0.33067949570639166,0.839846924018226
0.7000573088168157,Agricultural,0.5338345864661654,NA,1,0.7000573088168157,Agricultural,0.2987352087781977,0.17591304738785374,0.05661618593141318,0.6858573505549346
0.7000573088168157,Natural,0.5338345864661654,NA,1,0.7000573088168157,Natural,0.35311595382274136,0.13255379077234497,0.13433350932048702,0.6280026630874624
0.7000573088168157,Urban,0.5338345864661654,NA,1,0.7000573088168157,Urban,0.6153139035251065,0.14228020524708834,0.34497553410256254,0.8565461383133384
0.7099696589992944,Agricultural,0.5338345864661654,NA,1,0.7099696589992944,Agricultural,0.26268292163176804,0.17072017538812187,0.04146227798263277,0.6624845932888206
0.7099696589992944,Natural,0.5338345864661654,NA,1,0.7099696589992944,Natural,0.34222623544124436,0.13301106900130316,0.12467946171490084,0.6229579065367317
0.7099696589992944,Urban,0.5338345864661654,NA,1,0.7099696589992944,Urban,0.6349146762645328,0.14339567995294217,0.35420399145832626,0.8735265911176124
0.7198820091817731,Agricultural,0.5338345864661654,NA,1,0.7198820091817731,Agricultural,0.2289919712441535,0.16229222311170044,0.030136267652264105,0.6371092163469392
0.7198820091817731,Natural,0.5338345864661654,NA,1,0.7198820091817731,Natural,0.3315115737369001,0.13261958728698978,0.11564541069985101,0.6164037484615404
0.7198820091817731,Urban,0.5338345864661654,NA,1,0.7198820091817731,Urban,0.6545096463078153,0.1438515039112004,0.3653665365122206,0.8879423025313572
0.7297943593642517,Agricultural,0.5338345864661654,NA,1,0.7297943593642517,Agricultural,0.1975345661806861,0.15220450472264924,0.022055159248156923,0.6076767643332772
0.7297943593642517,Natural,0.5338345864661654,NA,1,0.7297943593642517,Natural,0.32142995797921936,0.13350343838313167,0.10799957713125219,0.6103471633730682
0.7297943593642517,Urban,0.5338345864661654,NA,1,0.7297943593642517,Urban,0.67336686793944,0.1436622503375015,0.37552228135759125,0.9008403796437804
0.7397067095467305,Agricultural,0.5338345864661654,NA,1,0.7397067095467305,Agricultural,0.17031859949839817,0.14243241939050996,0.015299128295608413,0.5789230043063472
0.7397067095467305,Natural,0.5338345864661654,NA,1,0.7397067095467305,Natural,0.3106797657017194,0.13442658119807604,0.09980386790013684,0.6050876211362302
0.7397067095467305,Urban,0.5338345864661654,NA,1,0.7397067095467305,Urban,0.6918239896632115,0.14414598953344143,0.38513847876434043,0.912295685865149
0.7496190597292092,Agricultural,0.5338345864661654,NA,1,0.7496190597292092,Agricultural,0.14517285414004683,0.12975761026044103,0.010686995313943109,0.5555431471871074
0.7496190597292092,Natural,0.5338345864661654,NA,1,0.7496190597292092,Natural,0.30071773326416207,0.1352661537308831,0.09215391414234161,0.6014042558188764
0.7496190597292092,Urban,0.5338345864661654,NA,1,0.7496190597292092,Urban,0.7097475990856688,0.14351289811930945,0.3948632590968219,0.9226913653816445
0.7595314099116879,Agricultural,0.5338345864661654,NA,1,0.7595314099116879,Agricultural,0.1235116943775662,0.11787811070699955,0.007677046922175613,0.5291478449636575
0.7595314099116879,Natural,0.5338345864661654,NA,1,0.7595314099116879,Natural,0.2905436626539108,0.13648390321667425,0.08555982221169167,0.5943722995584394
0.7595314099116879,Urban,0.5338345864661654,NA,1,0.7595314099116879,Urban,0.72737802420115,0.1406130615831832,0.4041390340726555,0.9320214812283518
0.7694437600941665,Agricultural,0.5338345864661654,NA,1,0.7694437600941665,Agricultural,0.10532775964769023,0.10621837163875468,0.005322617768533902,0.5076935543586412
0.7694437600941665,Natural,0.5338345864661654,NA,1,0.7694437600941665,Natural,0.2810346083154795,0.13739064737593507,0.07991802597343886,0.5912875564483222
0.7694437600941665,Urban,0.5338345864661654,NA,1,0.7694437600941665,Urban,0.7440568129142938,0.13883826540526273,0.41416261475974897,0.9394097980732115
0.7793561102766452,Agricultural,0.5338345864661654,NA,1,0.7793561102766452,Agricultural,0.08868099176742926,0.09385401750402819,0.003553501251526613,0.4830750143720077
0.7793561102766452,Natural,0.5338345864661654,NA,1,0.7793561102766452,Natural,0.27185049319839716,0.13722443040118484,0.07370010976696693,0.5869693580033575
0.7793561102766452,Urban,0.5338345864661654,NA,1,0.7793561102766452,Urban,0.7592084520550392,0.13589623537194911,0.42671581687142035,0.9467114840819532
0.7892684604591239,Agricultural,0.5338345864661654,NA,1,0.7892684604591239,Agricultural,0.0749915025050106,0.08271542806491568,0.002472287172662106,0.4579070176291762
0.7892684604591239,Natural,0.5338345864661654,NA,1,0.7892684604591239,Natural,0.2625061055637049,0.13733704805273933,0.0682370771503407,0.5817016951182001
0.7892684604591239,Urban,0.5338345864661654,NA,1,0.7892684604591239,Urban,0.7742604647648972,0.1335623871520947,0.43941865980773803,0.9528690741388184
0.7991808106416026,Agricultural,0.5338345864661654,NA,1,0.7991808106416026,Agricultural,0.06302739593177754,0.07261672095844257,0.0016750721933367985,0.4337104784514393
0.7991808106416026,Natural,0.5338345864661654,NA,1,0.7991808106416026,Natural,0.25355857259948955,0.13747681153027738,0.06281399072661352,0.5786453410448882
0.7991808106416026,Urban,0.5338345864661654,NA,1,0.7991808106416026,Urban,0.7884774603957736,0.13083083473664042,0.4507062919381388,0.958783012733041
0.8090931608240813,Agricultural,0.5338345864661654,NA,1,0.8090931608240813,Agricultural,0.05310634125920823,0.06316777087922602,0.0011426086672087002,0.40956364366486986
0.8090931608240813,Natural,0.5338345864661654,NA,1,0.8090931608240813,Natural,0.2444336644761257,0.13676087228128014,0.057972750069163914,0.5752383537259033
0.8090931608240813,Urban,0.5338345864661654,NA,1,0.8090931608240813,Urban,0.801656972521207,0.12870857226847035,0.46370382218302436,0.9636541841395828
0.8190055110065599,Agricultural,0.5338345864661654,NA,1,0.8190055110065599,Agricultural,0.04461616618094777,0.05460996140823899,7.95608486062297e-4,0.3901257573908744
0.8190055110065599,Natural,0.5338345864661654,NA,1,0.8190055110065599,Natural,0.2357158607829137,0.13578013697680896,0.05340259336406753,0.5715183364322338
0.8190055110065599,Urban,0.5338345864661654,NA,1,0.8190055110065599,Urban,0.8139847674238173,0.1245246320745386,0.47397451240338545,0.968560310610974
0.8289178611890387,Agricultural,0.5338345864661654,NA,1,0.8289178611890387,Agricultural,0.037320383871771334,0.0469596516013701,5.538991443254583e-4,0.3706636915701339
0.8289178611890387,Natural,0.5338345864661654,NA,1,0.8289178611890387,Natural,0.22716677112819797,0.135183682024156,0.04884707225967052,0.5674249537462158
0.8289178611890387,Urban,0.5338345864661654,NA,1,0.8289178611890387,Urban,0.8262578153319764,0.12055435852040196,0.485280466940516,0.9726513956664048
0.8388302113715174,Agricultural,0.5338345864661654,NA,1,0.8388302113715174,Agricultural,0.03133489188782386,0.040333475506812634,3.7227661273001283e-4,0.34813000011981166
0.8388302113715174,Natural,0.5338345864661654,NA,1,0.8388302113715174,Natural,0.21904904464471425,0.13399742571366616,0.04488837006166257,0.5626328334702071
0.8388302113715174,Urban,0.5338345864661654,NA,1,0.8388302113715174,Urban,0.8383329158510218,0.11676614620130325,0.4952805214745177,0.9760057418593268
0.8487425615539961,Agricultural,0.5338345864661654,NA,1,0.8487425615539961,Agricultural,0.026365842547297652,0.03457675953626913,2.483831590187085e-4,0.3246534161901318
0.8487425615539961,Natural,0.5338345864661654,NA,1,0.8487425615539961,Natural,0.2109801247175499,0.1322163443988746,0.041233057611808184,0.5606139689186228
0.8487425615539961,Urban,0.5338345864661654,NA,1,0.8487425615539961,Urban,0.8496164358540682,0.11290347578875655,0.5056709693016611,0.9789225875864428
0.8586549117364747,Agricultural,0.5338345864661654,NA,1,0.8586549117364747,Agricultural,0.022024717537176698,0.029470767402412393,1.7421134032798193e-4,0.30540626196928794
0.8586549117364747,Natural,0.5338345864661654,NA,1,0.8586549117364747,Natural,0.20271960236834793,0.13139066285804757,0.03771646514729077,0.5546000002700071
0.8586549117364747,Urban,0.5338345864661654,NA,1,0.8586549117364747,Urban,0.8602031866506006,0.10860300910118513,0.5163996288174054,0.9814902049551697
0.8685672619189534,Agricultural,0.5338345864661654,NA,1,0.8685672619189534,Agricultural,0.01841702989977206,0.024986284700762564,1.1768703605189088e-4,0.287469904412292
0.8685672619189534,Natural,0.5338345864661654,NA,1,0.8685672619189534,Natural,0.1951881898272555,0.12998798446592918,0.03453555157482256,0.5496814954755141
0.8685672619189534,Urban,0.5338345864661654,NA,1,0.8685672619189534,Urban,0.8699553582311618,0.10423899888586691,0.5279286644137354,0.9839834349387144
0.8784796121014321,Agricultural,0.5338345864661654,NA,1,0.8784796121014321,Agricultural,0.015401927240733557,0.02114437750289735,7.997831189665893e-5,0.2679643738023368
0.8784796121014321,Natural,0.5338345864661654,NA,1,0.8784796121014321,Natural,0.18791650870122403,0.12842303894270543,0.031654877805580864,0.5444267129230962
0.8784796121014321,Urban,0.5338345864661654,NA,1,0.8784796121014321,Urban,0.8788003070775441,0.09988113397473854,0.5411563495635818,0.9861377742182863
0.8883919622839108,Agricultural,0.5338345864661654,NA,1,0.8883919622839108,Agricultural,0.01292202787154284,0.01793824765333685,5.4919310618942135e-5,0.24842731238384733
0.8883919622839108,Natural,0.5338345864661654,NA,1,0.8883919622839108,Natural,0.18131748842456075,0.12660679274896705,0.029061570903852436,0.5405029855910728
0.8883919622839108,Urban,0.5338345864661654,NA,1,0.8883919622839108,Urban,0.887499824454983,0.09497304416278653,0.5498116058233817,0.9880085388053768
0.8983043124663895,Agricultural,0.5338345864661654,NA,1,0.8983043124663895,Agricultural,0.010815324537899587,0.015164826571133942,3.8285118364589204e-5,0.2317624436253135
0.8983043124663895,Natural,0.5338345864661654,NA,1,0.8983043124663895,Natural,0.17417559605607685,0.12484143098749366,0.026821203539489604,0.5348926288513066
0.8983043124663895,Urban,0.5338345864661654,NA,1,0.8983043124663895,Urban,0.8955846152955391,0.09026845476280586,0.5573074156704485,0.9896318641287913
0.9082166626488681,Agricultural,0.5338345864661654,NA,1,0.9082166626488681,Agricultural,0.00903200084180068,0.012758768194979382,2.65110633083642e-5,0.21584172685188233
0.9082166626488681,Natural,0.5338345864661654,NA,1,0.9082166626488681,Natural,0.1673678414813454,0.12278108016992972,0.024661251369006855,0.5319486856360143
0.9082166626488681,Urban,0.5338345864661654,NA,1,0.9082166626488681,Urban,0.9029047124409446,0.08616051370725414,0.5675653791684147,0.9910391336681172
0.9181290128313468,Agricultural,0.5338345864661654,NA,1,0.9181290128313468,Agricultural,0.007501112369207019,0.010675789540329403,1.8136732936274546e-5,0.2035415869130495
0.9181290128313468,Natural,0.5338345864661654,NA,1,0.9181290128313468,Natural,0.16105037574322276,0.12110493188037927,0.022582795263239686,0.5285081987194975
0.9181290128313468,Urban,0.5338345864661654,NA,1,0.9181290128313468,Urban,0.9102124348423588,0.0816241609530195,0.5765583365498294,0.9923817068387116
0.9280413630138256,Agricultural,0.5338345864661654,NA,1,0.9280413630138256,Agricultural,0.006270510361059157,0.008976568189528964,1.2494426225301326e-5,0.1899909410527454
0.9280413630138256,Natural,0.5338345864661654,NA,1,0.9280413630138256,Natural,0.15459439918015666,0.11841672664973595,0.02053430797060839,0.5225495757162433
0.9280413630138256,Urban,0.5338345864661654,NA,1,0.9280413630138256,Urban,0.9168818671676988,0.07775212528984288,0.5877063724771507,0.9934526038514182
0.9379537131963043,Agricultural,0.5338345864661654,NA,1,0.9379537131963043,Agricultural,0.005261580955080225,0.007562858719354053,8.649537605466888e-6,0.17996170211626947
0.9379537131963043,Natural,0.5338345864661654,NA,1,0.9379537131963043,Natural,0.14873032088673582,0.11594344328859806,0.01873286904422483,0.5183096099425737
0.9379537131963043,Urban,0.5338345864661654,NA,1,0.9379537131963043,Urban,0.9229785941688156,0.07383981011262379,0.5979817224798327,0.9943269445299121
0.9478660633787829,Agricultural,0.5338345864661654,NA,1,0.9478660633787829,Agricultural,0.004375036163257632,0.006319516373649822,5.745569429407951e-6,0.1686396590258609
0.9478660633787829,Natural,0.5338345864661654,NA,1,0.9478660633787829,Natural,0.1428201224569628,0.11349060455682047,0.017293609796440908,0.5147847052560415
0.9478660633787829,Urban,0.5338345864661654,NA,1,0.9478660633787829,Urban,0.928592957110422,0.06974737250041699,0.607972045635494,0.9951245169913995
0.9577784135612616,Agricultural,0.5338345864661654,NA,1,0.9577784135612616,Agricultural,0.00364867915615293,0.005290753219572279,3.817129008531186e-6,0.15782782655234362
0.9577784135612616,Natural,0.5338345864661654,NA,1,0.9577784135612616,Natural,0.13706359223049353,0.11129478992101421,0.015943238418986098,0.5091077772396738
0.9577784135612616,Urban,0.5338345864661654,NA,1,0.9577784135612616,Urban,0.9340437227732834,0.06551671559837667,0.61789649728213,0.9957980265560755
0.9676907637437403,Agricultural,0.5338345864661654,NA,1,0.9676907637437403,Agricultural,0.0030511251142805356,0.0044384746269872126,2.536977041478041e-6,0.14847097477607277
0.9676907637437403,Natural,0.5338345864661654,NA,1,0.9676907637437403,Natural,0.13135070831438983,0.10879884710341398,0.014608375875880838,0.5055875321761292
0.9676907637437403,Urban,0.5338345864661654,NA,1,0.9676907637437403,Urban,0.9389164190118349,0.06184801896203967,0.6279397543354838,0.9963541211601641
0.977603113926219,Agricultural,0.5338345864661654,NA,1,0.977603113926219,Agricultural,0.00253354797370977,0.0036957130454762645,1.7405759421372548e-6,0.13830705573040597
0.977603113926219,Natural,0.5338345864661654,NA,1,0.977603113926219,Natural,0.1263435788169226,0.10659774572452263,0.013243723660352771,0.5018662127744045
0.977603113926219,Urban,0.5338345864661654,NA,1,0.977603113926219,Urban,0.9435909643271508,0.058325802437801756,0.63667507308373406,0.9968295990790258
0.9875154641086977,Agricultural,0.5338345864661654,NA,1,0.9875154641086977,Agricultural,0.0021057303950202683,0.0030798340354906153,1.213777370847043e-6,0.12888908546144837
0.9875154641086977,Natural,0.5338345864661654,NA,1,0.9875154641086977,Natural,0.12158869797496674,0.10423503742639977,0.012112325662293576,0.4977460857484823
0.9875154641086977,Urban,0.5338345864661654,NA,1,0.9875154641086977,Urban,0.9478193094416291,0.054951272080867405,0.644575665701341,0.9972498596605899
0.9974278142911763,Agricultural,0.5338345864661654,NA,1,0.9974278142911763,Agricultural,0.0017580824760161573,0.002575820186110394,8.464241085607001e-7,0.12174809468299519
0.9974278142911763,Natural,0.5338345864661654,NA,1,0.9974278142911763,Natural,0.1165812849422752,0.1016694509562383,0.011048115369221768,0.4940487955639192
0.9974278142911763,Urban,0.5338345864661654,NA,1,0.9974278142911763,Urban,0.9517644968636787,0.05189335459390977,0.6529721147372627,0.9976033622311106
1.007340164473655,Agricultural,0.5338345864661654,NA,1,1.007340164473655,Agricultural,0.0014693555104934844,0.002155919625129171,5.840816850204058e-7,0.1146864849880026
1.007340164473655,Natural,0.5338345864661654,NA,1,1.007340164473655,Natural,0.11210524411315498,0.09931042264585935,0.010123439424235848,0.49157070684929394
1.007340164473655,Urban,0.5338345864661654,NA,1,1.007340164473655,Urban,0.9554240383609007,0.0487292425851823,0.6621175671730729,0.997914051452425
1.0172525146561338,Agricultural,0.5338345864661654,NA,1,1.0172525146561338,Agricultural,0.0012173118997109316,0.0017895630530473682,3.9544151968339815e-7,0.10677716564580465
1.0172525146561338,Natural,0.5338345864661654,NA,1,1.0172525146561338,Natural,0.10764231630845468,0.09714225235200968,0.009275829749011474,0.49006548021328217
1.0172525146561338,Urban,0.5338345864661654,NA,1,1.0172525146561338,Urban,0.9590682036080546,0.04553954070112144,0.6700820926843521,0.99820151515600275
1.0271648648386125,Agricultural,0.5338345864661654,NA,1,1.0271648648386125,Agricultural,0.001008294805994456,0.0014841031495719356,2.7733447890470266e-7,0.09830553858359195
1.0271648648386125,Natural,0.5338345864661654,NA,1,1.0271648648386125,Natural,0.10303243324832251,0.09451272422584747,0.00851918822169872,0.48736229000391745
1.0271648648386125,Urban,0.5338345864661654,NA,1,1.0271648648386125,Urban,0.9622172281892455,0.04256577733535937,0.6776894662399224,0.9984536830323224
1.0370772150210912,Agricultural,0.5338345864661654,NA,1,1.0370772150210912,Agricultural,8.417065704464425e-4,0.0012404631463807652,1.9416030410916124e-7,0.0917381697946985
1.0370772150210912,Natural,0.5338345864661654,NA,1,1.0370772150210912,Natural,0.09889879753925032,0.09217644261464422,0.007814016583096047,0.48344834042481133
1.0370772150210912,Urban,0.5338345864661654,NA,1,1.0370772150210912,Urban,0.964991159169396,0.03980738627914398,0.6863325981427532,0.9986691737880137
1.0469895652035697,Agricultural,0.5338345864661654,NA,1,1.0469895652035697,Agricultural,7.028390194004345e-4,0.001036871168721248,1.319752674067968e-7,0.08566162827903935
1.0469895652035697,Natural,0.5338345864661654,NA,1,1.0469895652035697,Natural,0.0947526191296973,0.08966085718893435,0.007148416110320386,0.4795763270628666
1.0469895652035697,Urban,0.5338345864661654,NA,1,1.0469895652035697,Urban,0.9677007812268942,0.037332540948226446,0.6941842601358211,0.9988618245550377
1.0569019153860484,Agricultural,0.5338345864661654,NA,1,1.0569019153860484,Agricultural,5.868747655545748e-4,8.664638980825857e-4,8.970858044611933e-8,0.08004726847854707
1.0569019153860484,Natural,0.5338345864661654,NA,1,1.0569019153860484,Natural,0.09090794934232282,0.0874947951818926,0.006534549097751618,0.47468495138187383
1.0569019153860484,Urban,0.5338345864661654,NA,1,1.0569019153860484,Urban,0.9702626623711981,0.034740390584611425,0.7009462885080099,0.9990262113116569
1.066814265568527,Agricultural,0.5338345864661654,NA,1,1.066814265568527,Agricultural,4.901535815659026e-4,7.241813130556877e-4,6.240257188525867e-8,0.07420789933955148
1.066814265568527,Natural,0.5338345864661654,NA,1,1.066814265568527,Natural,0.08700479283495986,0.08495331902470528,0.005977168046890308,0.4717685499130095
1.066814265568527,Urban,0.5338345864661654,NA,1,1.066814265568527,Urban,0.972546297632894,0.032490364544864765,0.7084730784326191,0.999166722155269
1.0767266157510058,Agricultural,0.5338345864661654,NA,1,1.0767266157510058,Agricultural,4.099521717743554e-4,6.061159860191057e-4,4.188073958508928e-8,0.06847315363129919
1.0767266157510058,Natural,0.5338345864661654,NA,1,1.0767266157510058,Natural,0.08335296025619279,0.08239379631669048,0.0054611497444627816,0.4682370020130924
1.0767266157510058,Urban,0.5338345864661654,NA,1,1.0767266157510058,Urban,0.9746285729417611,0.030322690532790172,0.7157412780979372,0.9992822188415043
1.0866389659334845,Agricultural,0.5338345864661654,NA,1,1.0866389659334845,Agricultural,3.4148725461953956e-4,5.052226015915863e-4,2.8267098845267826e-8,0.06338358985990349
1.0866389659334845,Natural,0.5338345864661654,NA,1,1.0866389659334845,Natural,0.08002643614257389,0.08018361103410539,0.004960765803007254,0.464010572350833
1.0866389659334845,Urban,0.5338345864661654,NA,1,1.0866389659334845,Urban,0.9766094240602594,0.028222683428583646,0.7231143377681769,0.9993788127091856
1.0965513161159632,Agricultural,0.5338345864661654,NA,1,1.0965513161159632,Agricultural,2.8571405903022055e-4,4.2282990917366257e-4,1.9196840708916087e-8,0.059066832993885425
1.0965513161159632,Natural,0.5338345864661654,NA,1,1.0965513161159632,Natural,0.07681505296709848,0.07793682021555273,0.004558334932022854,0.4604452133913647
1.0965513161159632,Urban,0.5338345864661654,NA,1,1.0965513161159632,Urban,0.9783607281593542,0.026369147880222838,0.7310657110290161,0.9994655432647376
1.106463666298442,Agricultural,0.5338345864661654,NA,1,1.106463666298442,Agricultural,2.3829550762630944e-4,3.52746867012607e-4,1.3224885798689158e-8,0.05504047059964633
1.106463666298442,Natural,0.5338345864661654,NA,1,1.106463666298442,Natural,0.07376639532993626,0.07562096353915314,0.00417199481040644,0.45837533252117574
1.106463666298442,Urban,0.5338345864661654,NA,1,1.106463666298442,Urban,0.9800619194471305,0.02452696411812374,0.7379191000863177,0.9995415494435299
1.1163760164809207,Agricultural,0.5338345864661654,NA,1,1.1163760164809207,Agricultural,1.9847983656271712e-4,2.9388464854554274e-4,9.112272270890474e-9,0.05146870421339725
1.1163760164809207,Natural,0.5338345864661654,NA,1,1.1163760164809207,Natural,0.070594104329217,0.07323949203012861,0.0038124731149156658,0.4549097947164311
1.1163760164809207,Urban,0.5338345864661654,NA,1,1.1163760164809207,Urban,0.9815764141712018,0.02284828282495394,0.7445291107605702,0.999605619774107
1.1262883666633994,Agricultural,0.5338345864661654,NA,1,1.1262883666633994,Agricultural,1.6574700451767687e-4,2.4547531838289854e-4,6.279056196848203e-9,0.04774811716735843
1.1262883666633994,Natural,0.5338345864661654,NA,1,1.1262883666633994,Natural,0.06749921727288094,0.07081749652716336,0.003475698819704796,0.45144864434703974
1.1262883666633994,Urban,0.5338345864661654,NA,1,1.1262883666633994,Urban,0.9829720187080782,0.02129543947579051,0.7514327182145852,0.9996610514181418
1.136200716845878,Agricultural,0.5338345864661654,NA,1,1.136200716845878,Agricultural,1.3878779962019287e-4,2.0558807604313325e-4,4.326754785111026e-9,0.043548790252955244
1.136200716845878,Natural,0.5338345864661654,NA,1,1.136200716845878,Natural,0.0646824042392421,0.06854427544160357,0.0031542240239113813,0.4479753310067167
1.136200716845878,Urban,0.5338345864661654,NA,1,1.136200716845878,Urban,0.9842682117417838,0.01986121358831553,0.7574765095086904,0.9997089589175407
